FirstName;LastName;Phone;Email;Country;EmployeeID;In Training;Department;Position;HiredAt;TerminatedAt
Abel;Hardy;1-348-771-7092;amet.dapibus@nullasemper.edu;Netherlands;62821;No;Customer Service;Team Lead;03/17/2021;
Abraham;Rush;1-689-125-5258;faucibus.leo@etmalesuada.co.uk;United States;20385;Yes;Customer Service;Developer;06/25/2020;
Abraham;Gamble;465-4619;gravida.praesent@sed.co.uk;Belgium;16643;Yes;Tech Support;Developer;11.11.2020;
Abraham;Baker;562-5888;neque.nullam@nuncquis.com;Australia;24412;No;Quality Assurance;Manager;03/18/2021;07/14/2021
Adam;Peterson;612-9685;eu.ultrices.sit@tacitisociosqu.com;Poland;18061;Yes;Public Relations;Team Lead;08/28/2020;
Adam;Fuller;343-5526;dignissim.magna@liberoat.ca;Brazil;85741;Yes;Advertising;Manager;03/28/2018;02.08.2020
Adria;Christian;1-822-552-5769;ac.libero@pedecumsociis.ca;Chile;46335;Yes;Customer Service;Support;09/25/2021;
Adrienne;Mack;1-949-877-1321;nam.ac@tempordiamdictum.ca;India;99375;Yes;Legal Department;Assistant;12/22/2020;
Ahmed;Fox;774-3622;sed.orci@eleifendegestassed.edu;Austria;32469;Yes;Advertising;Engineer;08/27/2021;
Akeem;Holden;321-4126;pulvinar@non.net;United Kingdom;24713;No;Payroll;Support;03/21/2019;03/23/2020
Alan;Lancaster;1-568-705-5045;odio.semper@malesuadafames.edu;Nigeria;35286;No;Research and Development;QA;05/13/2020;
Alana;Mcknight;918-7573;feugiat.non@fringillaestmauris.co.uk;Indonesia;15211;No;Finances;QA;07.08.2021;
Alana;Collins;887-6585;neque@pellentesque.edu;Australia;24462;No;Sales and Marketing;Developer;10/16/2020;
Alec;Herrera;1-343-767-6585;molestie.in@nuncullamcorper.com;United States;73806;Yes;Advertising;Accountant;04.05.2020;
Alexander;Silva;1-866-684-5388;et.nunc@mienimcondimentum.org;New Zealand;21123;Yes;Quality Assurance;Assistant;01/18/2020;
Alexander;Morrison;1-291-253-2707;ultrices@libero.edu;Belgium;74843;Yes;Payroll;Assistant;04/13/2019;
Alexander;Lane;1-344-452-2882;neque.sed@fermentumarcu.org;Pakistan;92560;No;Finances;Accountant;06/19/2021;04.09.2020
Alexandra;Best;246-3446;ut.dolor@et.com;Russian Federation;33174;No;Public Relations;Engineer;10.02.2020;
Alfonso;Benton;1-727-962-5077;conubia.nostra@auguesedmolestie.com;Colombia;88576;Yes;Advertising;Team Lead;08/22/2018;
Ali;Price;1-831-183-1383;nisi.sem.semper@sedcongue.org;Brazil;46828;Yes;Sales and Marketing;Engineer;07/31/2021;
Aline;Doyle;1-744-200-4204;faucibus.morbi@aaliquet.com;India;22419;Yes;Legal Department;QA;04.11.2018;
Allegra;Foster;238-4781;sem.mollis.dui@risusdonec.net;Indonesia;83931;Yes;Media Relations;Engineer;06/27/2019;
Allegra;Owens;443-8443;adipiscing.mauris@id.com;Mexico;9486;No;Customer Service;Engineer;07/16/2021;
Althea;Goodman;1-632-287-3784;elit.pede@enim.com;Netherlands;12211;Yes;Accounting;QA;04/23/2019;
Althea;Hayes;1-152-512-7712;viverra@cursusintegermollis.ca;Spain;74987;Yes;Advertising;QA;07.11.2021;
Amelia;Suarez;824-2413;magna@pede.co.uk;Brazil;32886;Yes;Payroll;Assistant;10.08.2019;
Amery;Gallegos;296-6574;interdum.feugiat@crasdolordolor.co.uk;Sweden;71014;No;Advertising;Manager;07/23/2018;
Amethyst;Gray;312-6531;donec.at@etmalesuada.edu;Russian Federation;51770;Yes;Sales and Marketing;QA;06/17/2018;
Amethyst;Gaines;1-323-881-9638;cum.sociis.natoque@fuscefermentumfermentum.ca;Netherlands;82728;No;Tech Support;Developer;07.05.2020;01/19/2020
Amy;Rush;363-3249;nec.mollis@antevivamus.co.uk;Sweden;20336;No;Human Resources;QA;08/28/2018;
Angela;Gomez;1-764-279-8818;nec.cursus.a@nonummyut.edu;Sweden;87508;No;Asset Management;Support;02.01.2018;
Anika;Reed;1-771-247-1530;congue@cras.org;Colombia;88885;No;Customer Relations;Support;05.01.2020;
Anne;Gregory;748-1332;et.eros@id.edu;Nigeria;68982;No;Public Relations;Support;08/21/2021;06/18/2019
Anne;Fields;1-318-525-2710;urna@hendreritconsectetuer.ca;Turkey;81413;No;Asset Management;Accountant;04/20/2019;04.12.2020
Anthony;Stewart;244-4864;cum.sociis@dignissimmaecenasornare.co.uk;Poland;76518;No;Customer Service;Manager;12/17/2020;
Anthony;Moran;1-933-772-6214;nisl.nulla.eu@quisquefringilla.org;Mexico;73181;Yes;Human Resources;Support;02/25/2019;09/25/2020
Aphrodite;Campos;648-7853;aliquam@dictum.co.uk;South Korea;22073;Yes;Accounting;Assistant;08/21/2019;
Aquila;Olson;223-2873;ante.bibendum@nonhendreritid.co.uk;Austria;74747;No;Media Relations;Manager;07/17/2018;
Aretha;Mack;156-3146;venenatis.vel@liberonec.com;Chile;71188;No;Asset Management;QA;09/13/2020;
Ariana;Richardson;670-2471;ornare.sagittis@vitaesodales.org;Poland;12228;No;Tech Support;Engineer;03.08.2020;
Ariana;Snider;279-4957;amet@ametconsectetuer.ca;New Zealand;79884;No;Asset Management;Accountant;08.07.2020;05/22/2019
Arthur;Raymond;1-836-654-0966;odio.nam@necmetus.org;Chile;6256;No;Media Relations;Assistant;05.05.2020;
Arthur;Sexton;263-5611;ultrices.vivamus@orcilobortis.org;Colombia;76425;No;Tech Support;Developer;01/18/2020;
Ashely;Mills;365-6138;ante.blandit.viverra@musproinvel.co.uk;Spain;32225;Yes;Sales and Marketing;Engineer;05/20/2020;
Asher;Moreno;1-209-722-1135;urna.justo.faucibus@magnis.org;Poland;65165;No;Accounting;Engineer;04.03.2019;
Ashton;Shaw;1-912-736-8887;aliquet@tellusaenean.edu;Pakistan;71303;Yes;Public Relations;Accountant;05/15/2021;
Athena;Beach;1-341-391-7219;dolor.fusce.feugiat@nondapibus.ca;United Kingdom;46683;Yes;Payroll;Engineer;06/30/2020;08.04.2021
Audra;Good;1-689-420-2390;scelerisque@nuncquisque.org;Poland;66745;Yes;Public Relations;Support;05/20/2019;
Audrey;Holloway;842-9657;ornare.tortor@vitae.ca;Costa Rica;46418;No;Accounting;Accountant;10.08.2019;
August;Rhodes;1-868-225-0671;diam.proin@loremegetmollis.com;Australia;5671;No;Public Relations;Manager;08/26/2019;
Aurelia;Gutierrez;1-788-212-2153;cras.eget.nisi@orci.net;Germany;89450;No;Advertising;Assistant;03/23/2020;
Austin;Johns;1-306-381-5774;fringilla.purus@imperdietnon.co.uk;Poland;84578;Yes;Sales and Marketing;QA;05/18/2021;05.09.2021
Ava;Arnold;1-722-581-4629;laoreet.libero@classaptent.co.uk;Italy;56027;No;Payroll;Support;12.07.2020;01.08.2021
Avye;Harding;309-9420;vivamus.molestie.dapibus@egestasduis.com;Belgium;11414;Yes;Public Relations;Team Lead;02.05.2021;
Axel;Moses;1-890-647-2494;lacus.mauris@vivamuseuismod.org;United States;86172;No;Legal Department;Support;08/25/2021;
Baker;Morales;1-179-284-1054;lectus.nullam@suscipitest.co.uk;Russian Federation;33117;Yes;Public Relations;Assistant;09.06.2020;09/19/2019
Barbara;King;1-584-256-3694;lobortis@tinciduntneque.ca;Colombia;96432;Yes;Payroll;Manager;07/29/2021;
Beau;Delgado;1-530-644-4301;neque.morbi.quis@posuerecubilia.edu;Germany;45252;No;Legal Department;QA;01/22/2020;
Beau;Bowen;230-7175;ornare.fusce@afeugiattellus.co.uk;Russian Federation;89663;Yes;Customer Relations;Assistant;11.04.2018;
Beau;Baldwin;128-9637;vel.arcu.curabitur@elementum.org;Italy;15706;No;Tech Support;Engineer;03.12.2020;
Beck;Blankenship;1-500-408-7850;accumsan.neque@sagittissempernam.ca;Chile;77352;No;Tech Support;Accountant;05.11.2018;
Belle;Charles;1-642-291-7947;ac.libero.nec@non.com;Poland;10157;Yes;Asset Management;Developer;08.09.2021;12.10.2019
Benjamin;Weiss;436-5940;nulla.interdum@fringilladonec.co.uk;Ireland;48619;Yes;Accounting;Support;11.01.2018;02.06.2021
Berk;Rich;1-683-432-3133;cras@ligulaelit.com;Indonesia;71159;Yes;Research and Development;Manager;05.04.2020;09.09.2020
Bernard;Shepherd;1-354-663-4544;arcu.eu@dictum.ca;Pakistan;32777;Yes;Legal Department;QA;01.10.2019;
Bethany;Robertson;748-5335;dignissim.maecenas.ornare@uttincidunt.co.uk;Turkey;56275;Yes;Customer Relations;Accountant;08/27/2020;08/14/2021
Bevis;Anthony;704-5638;dis.parturient@neque.net;Pakistan;44365;No;Public Relations;Engineer;02/20/2018;
Blake;Duke;1-887-623-2482;mauris@magnatellus.co.uk;Sweden;37839;No;Finances;Developer;06/24/2021;
Blake;Walter;680-0282;magna.praesent.interdum@ornareplaceratorci.ca;Netherlands;28415;Yes;Sales and Marketing;Engineer;05/15/2021;
Blaze;Oneil;943-4206;porttitor.scelerisque@donecfeugiatmetus.org;France;20417;Yes;Legal Department;Assistant;10/27/2020;08.09.2021
Blythe;Hamilton;872-6878;sem.consequat@hendreritdonec.ca;Chile;46298;Yes;Human Resources;Assistant;07.02.2019;
Bo;Winters;1-513-825-3889;ultrices.vivamus@odiophasellusat.ca;United Kingdom;29953;No;Asset Management;QA;05/18/2020;
Bo;Farley;1-418-618-1077;tempor.arcu@blanditviverra.net;France;96513;No;Public Relations;Team Lead;05/26/2021;
Bo;Spencer;1-344-585-3041;consectetuer.adipiscing@euodio.ca;Brazil;35671;No;Human Resources;Accountant;07/28/2020;11/27/2019
Boris;Holloway;473-7587;phasellus.dapibus@nisicum.edu;Costa Rica;77644;Yes;Human Resources;QA;08/25/2018;
Branden;Bell;1-867-155-8463;euismod.ac@eu.ca;Belgium;13354;Yes;Customer Relations;Team Lead;07.07.2020;01/24/2020
Branden;Chavez;1-238-421-1364;luctus.sit@vivamusnon.co.uk;Brazil;97307;No;Payroll;Assistant;04.09.2019;06.10.2020
Brennan;Houston;1-772-270-6101;lectus.justo.eu@volutpatnulladignissim.ca;United Kingdom;13764;Yes;Finances;Engineer;07.03.2019;
Brett;Jordan;713-2422;mauris.aliquam.eu@lectusnullam.org;Brazil;17192;No;Tech Support;Support;04/14/2020;06/19/2021
Brett;Frederick;512-4183;nisi.cum@tempor.ca;United States;95145;Yes;Accounting;Team Lead;09/23/2019;06.11.2021
Brian;Vasquez;779-6912;ornare.sagittis@inaliquet.edu;Costa Rica;26293;Yes;Payroll;Engineer;05.08.2020;
Brian;Schneider;138-5746;malesuada.ut@nuncuterat.com;Netherlands;61536;Yes;Human Resources;Support;03/16/2019;
Briar;Alston;1-437-935-5148;egestas.ligula.nullam@velitjustonec.net;Austria;26625;Yes;Human Resources;QA;04/17/2020;
Briar;Ferguson;794-0821;cum@dui.net;Australia;66044;Yes;Quality Assurance;Developer;09.09.2018;
Briar;Mcmillan;175-6883;pede.ultrices@amet.ca;South Korea;23541;Yes;Research and Development;Assistant;06.06.2020;11/30/2019
Britanney;Norman;540-8301;est.ac.mattis@urna.co.uk;United Kingdom;76412;No;Human Resources;QA;07.07.2020;
Brittany;Holmes;161-2835;montes.nascetur@ullamcorpernisl.edu;France;83414;Yes;Customer Service;Manager;04.08.2021;
Brittany;Little;375-4563;vulputate@placerataugue.com;United Kingdom;21544;Yes;Research and Development;Support;01/17/2020;
Brittany;Gates;1-511-252-3663;cras.dolor@sed.co.uk;United States;65977;No;Tech Support;Developer;11/26/2019;
Brock;Hooper;1-465-686-6878;conubia@eueuismodac.net;Italy;36418;No;Tech Support;Accountant;05.01.2021;
Brody;Burnett;662-2666;semper.egestas.urna@utpellentesque.ca;Austria;17347;No;Media Relations;Support;07.03.2020;
Brooke;Lang;1-392-196-1125;pede.ultrices.a@nasceturridiculus.org;United States;77803;Yes;Media Relations;Support;04/22/2021;
Brooke;Maddox;265-5683;quam.a@sedhendrerit.net;Pakistan;28838;Yes;Legal Department;Manager;05/25/2018;
Bruno;Henson;827-2962;dictum@loremauctor.com;Poland;26732;No;Legal Department;Developer;10/26/2019;
Brynn;Torres;766-2264;sagittis.felis@infelisnulla.org;Belgium;82188;Yes;Media Relations;Engineer;08/24/2019;
Brynn;Harvey;1-547-435-5347;phasellus.dapibus@imperdieteratnonummy.edu;France;35518;Yes;Finances;Assistant;12.01.2019;
Buckminster;Melton;214-8874;lacinia@curabiturconsequat.org;South Korea;31718;Yes;Public Relations;Accountant;12.10.2019;12/16/2020
Burke;Newton;891-7897;aliquam.vulputate@sed.edu;Germany;36948;No;Customer Relations;Assistant;07/14/2020;
Burton;Madden;872-9377;placerat.eget.venenatis@consectetueradipiscing.ca;United Kingdom;22213;No;Research and Development;Engineer;10.09.2018;
Cade;Haley;978-4754;justo.eu@donectempor.edu;Ireland;18232;Yes;Sales and Marketing;Engineer;02/13/2018;
Cadman;Monroe;504-4383;tristique.aliquet@egestasurna.org;Canada;14605;No;Advertising;Engineer;06/15/2021;
Cadman;Tyler;431-3671;rutrum@morbiquis.net;India;74163;Yes;Customer Service;Team Lead;01.07.2020;
Cairo;Fischer;695-2778;vitae.dolor@ornareelitelit.ca;Chile;28556;Yes;Legal Department;Assistant;06.01.2018;12/19/2019
Caldwell;Maldonado;1-381-839-8735;ut.mi@atarcu.co.uk;Indonesia;33711;Yes;Customer Relations;Team Lead;04.07.2019;
Calista;Ayala;457-6198;nibh.donec@erateget.net;Belgium;32682;No;Legal Department;Support;12/14/2020;
Camden;Hodges;1-225-226-1118;gravida.aliquam@dolorsitamet.com;Russian Federation;89866;No;Sales and Marketing;QA;04/13/2019;07.10.2019
Cameron;Graves;627-7147;malesuada.vel@commodohendreritdonec.edu;Chile;53761;No;Media Relations;Assistant;05/31/2018;
Cameron;Fitzgerald;1-374-413-4132;et.netus.et@eueleifend.net;Turkey;33444;No;Public Relations;Team Lead;08.05.2020;
Camilla;Huffman;1-726-341-4974;nisi.dictum.augue@lacus.com;Belgium;36735;Yes;Finances;Manager;10.07.2018;
Candace;Dudley;1-683-473-0507;nec.urna@nisimauris.ca;Germany;36481;No;Research and Development;Engineer;10/21/2018;01.08.2021
Carl;Ayers;627-6147;sapien.nunc.pulvinar@augueeu.net;India;31634;No;Public Relations;Assistant;01.11.2019;
Carl;Griffin;1-313-575-4914;sapien.imperdiet.ornare@aliquet.org;Belgium;64111;Yes;Payroll;Manager;09.03.2021;11/30/2019
Carla;Martinez;1-670-518-8371;tortor.nunc@interdumcurabitur.com;India;46333;No;Public Relations;Accountant;06.08.2020;
Carly;Hayes;1-423-867-2764;blandit.mattis@eratinconsectetuer.net;Colombia;77901;Yes;Legal Department;Engineer;04/17/2021;
Carol;Merritt;180-8519;feugiat@id.net;Austria;46189;No;Customer Service;Manager;05/23/2019;
Carson;Allison;1-522-264-6983;tincidunt@auctorveliteget.org;United Kingdom;7016;Yes;Sales and Marketing;Developer;02.09.2018;
Carter;Mack;1-224-477-1548;ornare.in.faucibus@rhoncus.co.uk;Netherlands;64131;Yes;Customer Relations;Support;02.01.2019;
Caryn;Deleon;1-583-391-5528;elit.aliquam@atpedecras.com;Pakistan;61890;Yes;Legal Department;Team Lead;08/28/2018;
Cassady;Bauer;425-4678;aliquet@eleifend.co.uk;France;1635;Yes;Finances;Assistant;09/25/2021;07/24/2020
Cassandra;Paul;1-252-254-6287;eget.metus@idblandit.org;India;18882;Yes;Sales and Marketing;QA;04/30/2020;06/18/2019
Cassidy;Barton;573-7714;sit.amet.lorem@accumsaninterdum.co.uk;Indonesia;69147;No;Research and Development;Developer;09.01.2021;08/17/2019
Catherine;House;919-6277;eleifend.nec@vivamusnisi.ca;Spain;73223;Yes;Customer Service;Support;09/25/2021;
Catherine;Giles;860-7637;ac@risusmorbimetus.net;Peru;55581;No;Human Resources;Assistant;11.01.2020;04.05.2019
Cecilia;Stephenson;305-9163;nisi@integervitaenibh.edu;Colombia;36605;Yes;Quality Assurance;QA;08/20/2018;
Cecilia;Crawford;555-2834;lectus.convallis@orcilacus.net;Austria;80141;Yes;Advertising;Engineer;05/30/2019;04/29/2019
Chadwick;Flynn;792-1287;odio@lacinia.co.uk;Belgium;86581;Yes;Advertising;QA;05.05.2020;
Channing;Swanson;1-322-439-6376;gravida@vestibulumanteipsum.co.uk;Colombia;48674;Yes;Customer Service;Manager;11.08.2020;
Charde;Gibbs;1-875-567-1818;lectus.pede@integereu.co.uk;Chile;23635;Yes;Sales and Marketing;Manager;11/20/2020;
Charde;Glenn;1-334-121-7334;nisl.quisque@diamatpretium.ca;Pakistan;34485;No;Advertising;Team Lead;04/16/2021;08/21/2021
Charles;Hanson;1-526-381-2213;praesent.luctus.curabitur@accumsaninterdum.ca;Pakistan;70469;No;Payroll;Manager;08.06.2018;
Charles;Frost;287-3719;vivamus.nisi.mauris@enim.org;Italy;39540;No;Advertising;Developer;08.10.2020;02.09.2020
Chase;Oneill;128-7283;dolor@adipiscinglacusut.org;Russian Federation;13852;No;Customer Service;Engineer;11.08.2019;
Chiquita;Buckner;1-925-482-3532;nulla.eget@duis.ca;United Kingdom;72988;No;Media Relations;Engineer;07.03.2018;
Chloe;Mcneil;1-547-556-1585;consectetuer.euismod.est@nibhdonec.edu;South Korea;85338;Yes;Public Relations;QA;06/30/2021;
Ciaran;Ballard;1-918-483-4454;velit.justo@liberodonec.net;Belgium;23735;Yes;Asset Management;Assistant;10.05.2020;
Clark;Mack;225-9168;a.tortor@iaculisenim.org;Canada;19987;No;Payroll;Developer;02/15/2020;04/18/2019
Clark;Sharp;912-5781;odio.etiam@inlorem.ca;Sweden;76278;No;Asset Management;Accountant;06/14/2019;04.05.2020
Clarke;Stewart;314-1651;est.nunc@aliquamerat.com;Canada;29011;No;Finances;Developer;08/24/2019;
Claudia;Woodard;1-675-495-5544;inceptos.hymenaeos@sapiennunc.co.uk;Russian Federation;55784;Yes;Finances;Accountant;08/20/2018;
Cleo;Fowler;283-6972;vestibulum.accumsan@semsemper.net;Poland;5456;No;Finances;Developer;05/25/2018;
Cleo;Burke;252-6632;cursus.nunc@massa.net;Peru;98641;Yes;Accounting;Engineer;10/28/2020;07/19/2020
Clinton;Salazar;1-566-339-2928;nulla.tincidunt@penatibuset.edu;Costa Rica;42643;No;Tech Support;Team Lead;04/20/2020;
Clio;Stewart;528-3526;magna.a.neque@estmaurisrhoncus.ca;Australia;38686;No;Customer Service;Assistant;06/13/2019;
Coby;Silva;828-0364;vivamus.non@vivamusnisi.edu;Colombia;67485;Yes;Customer Relations;QA;06.11.2018;10/14/2019
Cody;Robles;387-7481;nunc.lectus.pede@eliterat.co.uk;Sweden;26228;Yes;Customer Relations;Accountant;09/21/2021;08/28/2019
Colette;Ward;1-619-589-2513;luctus.et@ridiculusmusproin.edu;Canada;65336;Yes;Payroll;QA;08.03.2019;
Colette;Walter;1-527-415-6831;et.nunc@augueid.ca;India;39783;Yes;Tech Support;Team Lead;06/13/2018;07.10.2019
Colt;Lawson;572-0342;laoreet.posuere@fringillaeuismod.ca;South Korea;64888;No;Media Relations;Manager;05/24/2021;
Colt;Vance;355-8831;ante.vivamus.non@enimcondimentum.edu;Mexico;79833;Yes;Asset Management;Assistant;08.02.2021;04.01.2021
Conan;Carroll;446-7244;dui.cum@lacus.co.uk;Belgium;23355;Yes;Asset Management;QA;04/29/2019;
Connor;Lyons;1-717-526-8715;duis.dignissim@nullamagnamalesuada.org;Ireland;68723;Yes;Accounting;Engineer;05/15/2019;
Connor;Roy;635-6487;orci.luctus@malesuadafames.ca;Costa Rica;94489;Yes;Sales and Marketing;QA;04/23/2021;
Connor;Doyle;1-443-634-3802;luctus.felis.purus@vel.net;Indonesia;53755;Yes;Public Relations;Engineer;05.01.2019;08/18/2021
Cora;Potts;611-6272;amet.risus@vestibulumante.org;Belgium;26618;No;Customer Service;Assistant;07/27/2019;
Craig;Barlow;1-554-510-4833;morbi.sit@proinvelnisl.edu;Germany;47836;Yes;Payroll;Engineer;07.06.2018;12/29/2020
Curran;Montoya;1-366-866-8363;mauris.vestibulum@placerategetvenenatis.net;Italy;15159;No;Human Resources;Accountant;09/19/2021;
Curran;Hyde;1-416-469-3143;rutrum.justo@maurisquis.net;Peru;53993;Yes;Public Relations;Support;08/17/2021;
Curran;Andrews;1-271-227-3345;sed.nulla@namporttitor.ca;United States;74497;Yes;Public Relations;Accountant;02/17/2021;
Curran;Poole;124-2317;diam@ac.net;Belgium;57385;No;Quality Assurance;Developer;02/17/2021;
Curran;Craig;707-0637;cras.vulputate.velit@ipsum.org;Austria;75878;Yes;Media Relations;Manager;07/31/2019;
Cyrus;Smith;843-9008;eu.erat@pedenunc.com;Nigeria;77165;No;Human Resources;Team Lead;12.04.2019;
Dahlia;Chase;1-776-435-1558;vel.nisl@blanditmattiscras.org;Spain;56443;No;Accounting;Accountant;02/13/2020;
Dalton;Case;673-1748;sit@felisnulla.edu;New Zealand;36396;No;Media Relations;Engineer;02.04.2018;
Damon;Middleton;645-1420;arcu@semperrutrum.co.uk;Pakistan;78551;Yes;Legal Department;Engineer;02/25/2021;06/20/2020
Dane;Cabrera;345-7313;non.justo@mifelis.ca;Chile;3775;Yes;Quality Assurance;Assistant;11/30/2019;
Daquan;Wilkins;762-5938;vehicula.et@dolordolor.com;Pakistan;45229;No;Customer Service;Engineer;02/25/2019;
Dara;Houston;1-473-316-3239;ac.facilisis@non.edu;Sweden;61165;No;Sales and Marketing;Developer;10/22/2018;
Dara;Greene;1-152-276-9223;nec@nonsapienmolestie.edu;Chile;73763;Yes;Research and Development;Developer;10.09.2019;
Darius;Phelps;592-2615;sagittis@euligula.com;United Kingdom;95294;Yes;Advertising;Support;02.06.2018;
Darius;Lane;322-1865;in@odio.net;Austria;53024;No;Public Relations;Developer;09.12.2020;07.09.2019
Darius;Rosario;431-1788;curae@suscipit.co.uk;Colombia;64961;Yes;Tech Support;Engineer;04/24/2021;06.09.2019
Darrel;Doyle;899-8247;nec.tellus@suscipitnonummy.ca;United Kingdom;35119;No;Legal Department;Manager;08/28/2019;05/17/2019
David;Hutchinson;1-454-841-1948;donec.feugiat.metus@nonummyacfeugiat.co.uk;Mexico;5451;Yes;Tech Support;Manager;10.04.2018;
Deacon;Cobb;1-569-750-2566;cras.vulputate.velit@nulla.co.uk;Turkey;26624;Yes;Asset Management;Support;08.07.2018;04/13/2020
Declan;Sharp;1-545-373-8212;massa@montes.com;South Korea;76832;Yes;Advertising;Accountant;04/24/2019;
Declan;Perkins;1-266-179-7850;lobortis.quis.pede@ultricesposuerecubilia.co.uk;Indonesia;63767;No;Advertising;Assistant;10/23/2019;
Demetria;Reese;1-602-402-8650;fermentum@idblandit.edu;Spain;81731;Yes;Customer Relations;Engineer;06.09.2021;
Demetria;Bird;673-3581;nunc.in.at@risusduis.org;Austria;49667;No;Quality Assurance;Engineer;12.01.2018;09/19/2019
Denton;Holland;125-6905;aliquet.libero@iaculis.com;Ireland;51503;No;Customer Relations;Team Lead;05.11.2018;
Derek;James;1-413-491-0982;semper.pretium@consectetuereuismod.edu;Austria;51405;Yes;Tech Support;Developer;09/29/2019;04/14/2021
Derek;Brooks;273-8567;enim.diam.vel@orci.net;United States;11064;Yes;Legal Department;Manager;07/21/2019;01.01.2020
Desirae;Gray;1-934-513-7962;ac.feugiat.non@elit.edu;Brazil;1468;Yes;Tech Support;Assistant;05.12.2021;
Devin;Zamora;736-6781;lacinia@inlobortis.co.uk;Peru;85431;Yes;Advertising;Developer;08.03.2020;
Devin;Phillips;1-828-424-4512;auctor.mauris@rutrumurna.net;Brazil;28985;Yes;Customer Relations;QA;09.07.2019;
Dieter;Manning;683-4222;integer.in@enim.com;Austria;80186;No;Payroll;Developer;09/28/2020;
Dieter;Mcleod;412-1569;euismod@tortornibh.org;Netherlands;44703;Yes;Sales and Marketing;Support;05.07.2020;
Dominic;Dawson;1-437-746-7559;neque.nullam@sednulla.org;Belgium;47253;Yes;Advertising;Team Lead;07.02.2019;
Dominique;Gonzalez;594-3082;cursus.vestibulum.mauris@craseu.net;Peru;34893;Yes;Media Relations;Developer;12/28/2018;
Dora;Cross;1-755-521-0220;lacus@asollicitudinorci.org;Canada;78683;Yes;Quality Assurance;Developer;06.10.2018;
Dorothy;Mcdowell;1-701-330-1267;eu.nibh@luctuslobortis.ca;Netherlands;8245;Yes;Quality Assurance;Assistant;08.04.2021;
Dorothy;Scott;788-8162;auctor.ullamcorper@idmagnaet.edu;New Zealand;48480;Yes;Advertising;QA;03.10.2021;
Dorothy;Yang;443-5019;luctus.curabitur.egestas@consectetuer.co.uk;Belgium;1522;Yes;Payroll;QA;03/26/2020;
Dorothy;Murray;1-813-716-5156;donec.non.justo@vulputateeu.edu;Chile;36338;Yes;Public Relations;Developer;06.08.2018;06.09.2021
Drake;Day;1-670-823-3910;interdum.nunc@primisin.net;Russian Federation;83865;Yes;Legal Department;Support;03/22/2019;
Drew;Franks;511-2507;orci@semnullainterdum.net;Ireland;17126;No;Customer Relations;Team Lead;12.02.2020;
Driscoll;Guzman;841-6764;fermentum@et.ca;Australia;85143;Yes;Sales and Marketing;Manager;05.02.2018;
Dustin;Lowery;313-0479;lacus.varius@mollisduissit.net;Poland;27101;No;Sales and Marketing;Manager;11/28/2019;05.05.2019
Dustin;Vang;846-4629;sollicitudin.orci.sem@quisdiam.co.uk;Austria;44474;Yes;Public Relations;Accountant;02/13/2020;10.12.2019
Dylan;Kirkland;377-4269;in.at.pede@necmaurisblandit.co.uk;Poland;26441;No;Asset Management;Engineer;04/30/2019;
Ebony;Bowen;311-8872;facilisis.magna@ridiculusmus.edu;Turkey;22107;No;Accounting;Engineer;12/24/2019;
Echo;Molina;173-1864;fermentum.metus@atiaculis.co.uk;Belgium;68418;No;Sales and Marketing;QA;10/15/2019;
Edan;Ramirez;385-2237;at.pede@etmagnapraesent.edu;Austria;65769;Yes;Payroll;Assistant;04/19/2018;
Edan;Vang;1-645-779-6083;dis.parturient@tellus.edu;Germany;74088;No;Accounting;Manager;01/27/2020;09.05.2019
Edward;Reeves;1-556-691-5617;elit.nulla.facilisi@tinciduntvehicula.net;Indonesia;65280;No;Legal Department;Manager;03.04.2020;06.11.2021
Eleanor;Hunter;846-2114;vitae@magnaseddui.ca;Nigeria;15042;Yes;Asset Management;Assistant;06/18/2021;03/27/2020
Ella;Anderson;303-6224;duis.gravida@proin.com;United States;77883;Yes;Customer Service;Support;12.05.2018;
Ella;Mccall;1-861-389-3434;cras.convallis.convallis@nisimagna.edu;Nigeria;7365;Yes;Human Resources;Assistant;04.02.2018;
Ella;Contreras;736-0174;et.magnis@primisinfaucibus.edu;Turkey;70134;Yes;Tech Support;Assistant;04.01.2020;
Ella;Mcmillan;1-435-865-7537;eu.lacus@adipiscinglacusut.org;Pakistan;71471;Yes;Customer Relations;QA;07.02.2018;01/25/2021
Elliott;Holloway;951-5340;mauris@venenatisvel.ca;Turkey;18245;Yes;Finances;Team Lead;11/24/2019;10/21/2020
Emerald;Clayton;789-6967;nulla.donec@maurisblandit.com;Poland;95508;Yes;Public Relations;Accountant;12/21/2019;
Emerson;Trujillo;344-7363;turpis.vitae.purus@duismi.edu;Spain;22101;Yes;Payroll;QA;04/21/2021;
Emery;Carr;649-8315;arcu.et.pede@etiamimperdiet.ca;Netherlands;45538;No;Customer Relations;Engineer;07/31/2019;
Erin;Salazar;937-4938;consequat.dolor.vitae@auctornonfeugiat.com;Russian Federation;12760;No;Media Relations;Assistant;06/22/2019;
Erin;Mitchell;384-3087;sed.eu.nibh@integer.edu;Turkey;87455;No;Sales and Marketing;Support;03/31/2019;
Eugenia;Marquez;749-1387;dolor.quam.elementum@dapibusrutrumjusto.net;Poland;45445;Yes;Media Relations;Accountant;03/19/2018;07/24/2019
Evan;Page;1-948-176-4430;donec@integeridmagna.org;United States;13455;Yes;Advertising;Engineer;12/15/2019;10/22/2020
Evan;Hooper;1-325-445-8688;nec.mauris@nascetur.edu;Brazil;28782;No;Sales and Marketing;Accountant;05/24/2018;02/19/2020
Evelyn;Wynn;1-521-345-7124;dolor.sit.amet@magna.com;Austria;1462;Yes;Media Relations;Developer;10.12.2018;
Ezekiel;Bryan;877-3815;turpis@aliquamerat.net;United Kingdom;38277;No;Media Relations;Team Lead;01/14/2020;
Ezra;Bauer;443-9475;proin.mi@etiamvestibulummassa.com;Chile;91151;No;Quality Assurance;Manager;10/13/2018;
Faith;Lang;344-8725;orci@bibendumullamcorper.org;Nigeria;41326;Yes;Legal Department;Assistant;11/28/2019;
Farrah;Tyson;1-357-623-6734;adipiscing@massa.org;Italy;56343;Yes;Accounting;Developer;08.06.2020;
Felicia;Cooper;1-722-626-3732;nec@fuscediam.org;New Zealand;52416;No;Asset Management;Team Lead;08/26/2020;
Fletcher;Blanchard;164-5940;vivamus.sit@dignissim.co.uk;Spain;43848;Yes;Legal Department;Manager;01.07.2021;
Fleur;Sykes;1-821-968-7869;augue.porttitor@convallis.net;India;81894;No;Customer Relations;Support;03/17/2019;
Francesca;Whitney;915-7431;adipiscing.elit@liberointeger.co.uk;Ireland;20259;No;Media Relations;Team Lead;04/22/2018;
Fuller;Wolfe;363-9257;fermentum@penatibuset.org;Nigeria;80171;No;Customer Service;Team Lead;09.12.2019;
Fulton;Brady;1-948-473-4466;dictum.proin.eget@necdiam.org;Brazil;24667;No;Finances;Developer;09.08.2020;08/27/2019
Gabriel;Terrell;1-937-558-5505;sagittis.duis@nibh.co.uk;Pakistan;68761;No;Quality Assurance;Team Lead;05/20/2018;
Gabriel;Charles;1-674-525-5257;et.tristique@massa.org;Nigeria;22212;No;Customer Service;Accountant;08/23/2019;
Galvin;Bauer;301-4274;ut@quam.ca;Austria;81884;No;Tech Support;QA;07/13/2018;
Galvin;Hoover;1-456-444-0864;facilisis.suspendisse@tellus.com;Australia;88284;No;Advertising;Assistant;04.09.2020;
Gary;Nielsen;1-710-762-2463;vitae@nuncacmattis.net;Turkey;28238;Yes;Accounting;QA;08/26/2018;
Gavin;Downs;1-538-567-0794;egestas.aliquam.fringilla@vulputatemaurissagittis.net;Germany;30834;No;Legal Department;QA;10.03.2020;10.12.2019
Gay;Deleon;382-7848;volutpat.nulla.dignissim@ante.org;Belgium;57670;No;Advertising;Engineer;01/26/2019;
Gay;Moss;1-177-413-3087;lobortis.ultrices@massavestibulumaccumsan.ca;France;76479;No;Tech Support;Support;06/23/2021;
Gemma;Kirkland;113-8888;vivamus@quispede.co.uk;Belgium;10341;Yes;Advertising;Assistant;07/25/2021;
George;Stewart;1-748-585-5166;nec.ligula.consectetuer@sed.net;Nigeria;45766;Yes;Public Relations;Team Lead;10/27/2018;
Georgia;Snow;831-2742;egestas.sed.pharetra@eget.net;Peru;47223;Yes;Accounting;Accountant;03/30/2020;03/31/2021
Gil;Bowman;1-846-248-9517;sodales@idrisus.net;Nigeria;30187;Yes;Media Relations;Assistant;05/19/2018;
Gisela;Bryan;1-751-544-3871;non@odiophasellusat.co.uk;Belgium;81352;Yes;Finances;Team Lead;08.11.2019;06.06.2021
Gisela;Hines;1-448-606-2673;sed@proinnisl.edu;Belgium;99677;No;Tech Support;Engineer;03.11.2018;01/26/2020
Grace;Mays;673-3490;molestie.orci@velit.edu;New Zealand;12791;Yes;Media Relations;Team Lead;06/25/2020;01/22/2020
Graiden;Wilcox;856-8834;sit@netuset.edu;India;67657;No;Media Relations;Engineer;02/19/2019;12.06.2019
Grant;Rivas;1-353-663-5502;nonummy@ipsumdolor.com;Australia;88265;Yes;Customer Relations;Developer;06/14/2019;
Grant;Paul;1-333-976-7569;mollis.phasellus@nasceturridiculus.org;India;41169;No;Sales and Marketing;Manager;09.09.2020;
Gretchen;Middleton;1-143-264-2836;vitae@magna.net;United States;50844;No;Advertising;Team Lead;05/13/2021;
Griffin;Hammond;1-267-805-2206;vivamus@dignissimlacus.edu;Chile;32759;Yes;Advertising;Manager;04.01.2021;
Griffin;Stanton;1-659-271-1652;lobortis.nisi@hendrerit.net;Mexico;22377;Yes;Accounting;Engineer;06/21/2019;10.07.2020
Griffith;Mcgowan;158-7336;arcu.ac.orci@pede.ca;Belgium;74514;No;Asset Management;QA;10/28/2018;
Hadassah;Lott;834-0743;non.justo@litoratorquent.net;Colombia;47122;Yes;Sales and Marketing;Accountant;04/18/2020;
Hall;Lee;1-235-760-2752;mus@fuscemi.edu;France;90179;No;Legal Department;Support;06/22/2019;
Hamilton;Lucas;911-3624;commodo.auctor@curabiturvellectus.edu;France;77536;Yes;Finances;Support;11.11.2019;
Hanna;Phillips;851-5174;sit.amet@variusorciin.net;Mexico;72550;Yes;Accounting;QA;12/21/2020;
Hanna;Shepard;1-539-298-1714;adipiscing.mauris@erateget.co.uk;Colombia;64737;No;Payroll;Team Lead;03/24/2019;
Hanna;Beach;379-1834;cursus.a.enim@adipiscing.edu;Australia;23272;Yes;Public Relations;Manager;03/22/2019;07/27/2019
Hannah;Glover;1-616-426-8132;est@magna.net;Peru;62121;Yes;Payroll;Manager;09/23/2020;
Hannah;Dodson;236-7061;amet.risus.donec@egetodio.edu;New Zealand;59417;Yes;Sales and Marketing;QA;08.03.2021;
Harper;Bright;1-288-223-4974;vestibulum.accumsan@ataugue.ca;Austria;36883;Yes;Advertising;Engineer;10.04.2019;
Hasad;Osborn;384-1757;erat.eget@lorem.co.uk;Belgium;24914;No;Quality Assurance;Assistant;04/28/2020;
Hasad;Navarro;1-949-194-7346;duis@euultricessit.net;United Kingdom;66562;No;Asset Management;Team Lead;04/27/2019;11/30/2020
Haviva;Conrad;1-156-843-8461;vel.nisl@semper.co.uk;United Kingdom;82649;Yes;Asset Management;Developer;07.10.2020;
Hayden;Ortega;1-410-197-7373;faucibus@a.edu;Canada;72845;No;Sales and Marketing;Engineer;10/17/2019;12/28/2019
Hayden;Park;414-7435;sapien.molestie@egestas.net;United Kingdom;53683;Yes;Human Resources;Assistant;11/23/2019;05/23/2021
Hayley;Clarke;626-2201;non.hendrerit.id@leomorbi.edu;Turkey;49877;Yes;Accounting;Engineer;04/23/2019;
Hayley;May;1-265-246-3231;neque.vitae@nonfeugiat.org;Chile;36937;Yes;Accounting;Manager;10/23/2018;
Hayley;Miranda;1-454-713-4510;dui.nec@idrisus.net;Colombia;69477;No;Tech Support;Support;06.02.2021;
Hector;Holden;725-8222;auctor.velit@acmetus.net;Italy;74299;No;Asset Management;Support;03.03.2020;
Hedwig;Clayton;1-436-522-4668;habitant.morbi@augue.edu;Mexico;41357;Yes;Finances;Developer;12/15/2019;
Helen;Mccall;1-743-234-4158;fames@bibendumullamcorper.ca;Chile;62688;Yes;Customer Service;Assistant;10/22/2018;
Helen;Bender;1-321-876-0636;sit.amet@orcitinciduntadipiscing.org;Italy;78617;No;Research and Development;Accountant;05/20/2021;01/31/2020
Helen;Olsen;354-2381;molestie@auguemalesuada.net;Italy;79683;No;Advertising;Accountant;11/19/2019;04.06.2021
Herman;Leach;1-268-823-5685;nisi.magna@rhoncusproin.org;Belgium;38166;No;Advertising;Accountant;11/28/2018;
Herrod;Workman;1-297-285-8136;aliquet.metus@turpis.net;Indonesia;84668;Yes;Accounting;Accountant;02.11.2018;
Herrod;Daniel;1-644-298-2842;nulla.integer@aliquetnecimperdiet.net;India;10061;Yes;Accounting;Manager;02/24/2021;07.06.2020
Hilel;Morgan;1-541-557-5057;in.molestie.tortor@lacusetiam.com;Canada;25702;Yes;Human Resources;QA;04/27/2021;
Hillary;Stephenson;1-276-913-7947;sit@facilisised.net;Australia;31654;No;Asset Management;Team Lead;09/13/2019;
Hiram;Greer;257-1465;dolor.nulla@pede.org;Turkey;18861;Yes;Finances;Support;04/22/2021;09.03.2020
Hiroko;Barker;1-780-681-0513;in.dolor.fusce@risus.ca;Belgium;86846;Yes;Accounting;Accountant;03/20/2020;
Hiroko;Bernard;1-381-567-0659;quis.pede@elitpellentesque.org;Netherlands;42376;No;Finances;Engineer;08.06.2021;
Holly;Pratt;688-9537;est.nunc.laoreet@etcommodo.co.uk;Chile;45813;Yes;Finances;QA;04/29/2019;
Holly;Dixon;1-281-291-6623;massa.non@iaculislacus.org;Germany;23957;Yes;Tech Support;Assistant;12/19/2019;
Holmes;Franco;723-8578;quisque.nonummy.ipsum@aliquamerosturpis.ca;Ireland;42761;No;Customer Relations;Team Lead;02/22/2019;01/22/2021
Hop;Pearson;443-2307;eu.metus@nuncquis.com;New Zealand;23214;Yes;Tech Support;Manager;03/26/2021;
Hop;Hayden;1-186-878-7817;integer@donecegestasaliquam.com;Belgium;91195;No;Accounting;Developer;04.08.2019;
Hope;Gutierrez;1-392-478-3792;rhoncus.proin@lacus.org;Russian Federation;6232;Yes;Human Resources;Manager;06/26/2018;04.01.2020
Howard;Craig;1-564-473-7263;ac@nibhvulputate.com;Australia;83129;No;Sales and Marketing;Developer;01/17/2021;
Howard;Roman;1-863-414-6464;nisi.cum.sociis@sociisnatoque.com;Netherlands;69695;Yes;Customer Relations;Accountant;02/25/2021;11.08.2020
Hoyt;Wynn;1-265-564-0347;cursus@odionam.ca;Austria;15789;No;Research and Development;Assistant;07/21/2021;
Hoyt;Vincent;1-222-788-5218;nam.nulla.magna@enim.net;Ireland;62481;Yes;Legal Department;Developer;07/21/2020;
Hoyt;Allen;542-4441;lorem.ipsum@ornareelitelit.com;Costa Rica;45686;Yes;Accounting;Support;07/15/2019;08.01.2020
Hu;Diaz;1-688-716-2180;magna.suspendisse@auctorvelitaliquam.edu;Pakistan;12257;Yes;Quality Assurance;Manager;07.04.2020;
Hu;Townsend;880-2239;mi.enim.condimentum@amet.com;Italy;75718;Yes;Payroll;Engineer;06/14/2019;03/29/2021
Idola;Abbott;946-8222;eleifend.nec@euduicum.co.uk;Belgium;53143;No;Human Resources;QA;07.01.2021;08.04.2021
Ignatius;Ortega;167-5254;eu.neque@euismod.edu;Canada;32282;No;Legal Department;Support;01/16/2019;
Igor;Brady;1-852-564-4171;ultrices@blanditconguein.co.uk;Canada;6241;No;Customer Relations;Team Lead;09.06.2018;
Igor;Stevenson;1-625-847-2585;bibendum.ullamcorper.duis@magnaet.ca;Peru;20553;Yes;Media Relations;QA;11/25/2018;11/23/2019
Imani;Dixon;1-435-867-3685;eget.metus.in@cursusinteger.com;Peru;17203;No;Payroll;Manager;08/18/2021;04.08.2021
Imelda;Francis;796-5518;aliquet.metus@sapienmolestie.co.uk;Peru;50481;No;Customer Relations;Support;07/30/2021;05/21/2020
Imogene;Woods;232-8605;semper.erat@egetipsum.co.uk;Indonesia;87456;No;Tech Support;Accountant;01/28/2021;03/14/2020
India;Levine;167-0615;sodales.elit@velarcueu.org;Belgium;24837;Yes;Legal Department;Support;05.06.2021;
Indigo;Berg;1-873-678-7167;interdum.enim.non@purusaccumsaninterdum.edu;Colombia;23867;No;Legal Department;QA;07/25/2020;
Indira;Gallegos;1-346-447-1397;auctor@phasellusornare.net;United States;83671;No;Accounting;Accountant;04/14/2021;
Inez;Grant;1-752-774-7455;faucibus.orci@tempusrisus.net;Mexico;86737;No;Customer Relations;Support;01/19/2021;06.07.2020
Inga;Bentley;1-234-526-6575;enim@idmagna.com;Indonesia;39336;No;Research and Development;Manager;10.10.2018;06/13/2021
Inga;Mccoy;1-375-328-8935;curabitur.massa.vestibulum@condimentum.ca;Belgium;82133;Yes;Tech Support;Accountant;10.01.2019;03.12.2021
Ingrid;Landry;321-1854;ac.turpis@tellusphasellus.ca;South Korea;31866;Yes;Media Relations;Support;06/13/2019;
Ingrid;Acosta;996-2844;magnis.dis@ipsum.org;Austria;80181;Yes;Legal Department;Assistant;12/20/2018;
Ira;Kirk;769-9175;eros@ornaresagittis.net;Belgium;43687;No;Customer Service;QA;06/30/2019;05/20/2019
Irma;Schultz;1-892-204-7092;ac.orci.ut@donec.ca;Turkey;64116;No;Media Relations;Support;02.09.2019;01/16/2020
Isaac;Meyer;1-612-343-6770;augue.id.ante@semper.org;Austria;55966;No;Customer Relations;Engineer;02.09.2019;
Isaac;Cantu;319-5747;metus.urna@vitaeeratvel.com;Nigeria;81128;Yes;Tech Support;Engineer;03/22/2019;05.11.2020
Isabella;Dejesus;558-8322;vestibulum@semegestas.ca;Canada;2628;No;Sales and Marketing;Support;02.02.2019;
Isabelle;Kramer;1-853-130-6745;donec.consectetuer@donec.edu;Australia;30709;Yes;Tech Support;Support;03.04.2020;
Ishmael;Barrett;612-2554;justo@quislectus.ca;Austria;54582;Yes;Customer Service;Developer;12/25/2019;07.10.2020
Ivana;Jenkins;363-7354;curabitur.egestas@quamelementum.com;Turkey;51442;Yes;Customer Service;Accountant;07/22/2021;
Ivory;Dyer;133-8736;ante.dictum.mi@egetvenenatis.co.uk;Brazil;83826;No;Tech Support;Manager;05/27/2020;
Jacob;Meyers;1-204-962-5196;mattis.cras@consectetuerrhoncus.ca;Netherlands;62533;No;Payroll;Engineer;05.05.2020;
Jacob;Parker;1-273-300-7101;vestibulum.neque.sed@ipsumprimis.org;Chile;54654;No;Advertising;Team Lead;02/17/2021;
Jada;Travis;1-159-938-7782;nec.ligula@aliquetnec.co.uk;Brazil;83875;Yes;Customer Relations;Developer;12/20/2019;
Jada;Francis;1-254-932-8424;phasellus.dolor@egestasfusce.edu;Austria;28338;No;Sales and Marketing;Engineer;08/14/2019;
Jade;Battle;500-1858;id.mollis@etmagnis.net;Brazil;74754;No;Legal Department;QA;12.12.2020;11/16/2019
Jakeem;Hammond;1-239-555-4621;ipsum.phasellus@at.edu;Belgium;91711;Yes;Asset Management;QA;11/13/2019;
Jameson;Lee;471-3853;sed.hendrerit.a@estac.org;Russian Federation;67325;Yes;Finances;Accountant;10/30/2020;12/19/2020
Jane;Gibson;1-321-578-7904;ac.mi@cras.co.uk;Italy;67888;Yes;Asset Management;QA;03.12.2019;
Jeanette;Potter;1-521-387-8776;ut.sagittis@cumsociis.com;New Zealand;81730;Yes;Human Resources;Manager;03/18/2019;
Jemima;Cohen;937-2891;proin.mi.aliquam@ridiculusmus.com;Peru;57911;Yes;Quality Assurance;Developer;12/21/2018;
Jemima;Wynn;1-602-111-5698;faucibus.ut@egetnisi.com;Germany;83516;Yes;Finances;QA;01/13/2021;07.08.2019
Jena;Clay;507-5433;dolor@metusaenean.org;Russian Federation;58362;No;Sales and Marketing;Manager;06.07.2018;
Jenette;Santana;1-835-678-0442;nunc@nonlorem.co.uk;New Zealand;98222;Yes;Tech Support;QA;01/27/2019;11.09.2019
Jenette;Bird;1-314-316-6243;diam@aceleifend.ca;Russian Federation;26277;No;Media Relations;Accountant;05/24/2018;01/24/2020
Jenna;Mathis;680-3077;dui@quisdiam.com;Peru;30561;No;Customer Service;QA;03.07.2020;
Jeremy;Nelson;1-434-344-1643;nisl.arcu@aliquet.com;Colombia;24517;No;Sales and Marketing;Engineer;08/30/2020;04.04.2021
Jermaine;Quinn;1-553-356-1348;ut.mi.duis@congueinscelerisque.net;Belgium;34203;No;Customer Service;Accountant;10/27/2019;
Jermaine;Leblanc;1-770-718-6375;in.faucibus@dolortempus.co.uk;Belgium;17929;No;Asset Management;Support;05.11.2019;
Jermaine;Lindsey;646-1183;accumsan.interdum@disparturient.net;Colombia;1874;Yes;Asset Management;Accountant;06.11.2019;
Jerry;Stevenson;1-363-415-2123;libero.donec@est.ca;Spain;86266;No;Research and Development;QA;02/21/2021;
Jillian;Snow;1-268-981-7123;in.at.pede@suspendisse.ca;Peru;48517;Yes;Human Resources;Assistant;02.09.2018;
Jocelyn;Swanson;234-2075;est.mollis@arcualiquamultrices.net;New Zealand;38484;Yes;Human Resources;Developer;07/13/2021;
Jolene;Pitts;788-7612;nulla.integer@per.net;Canada;60492;No;Sales and Marketing;QA;01.11.2019;07/26/2021
Jonah;Dennis;804-3539;et.commodo@vitae.edu;Germany;11883;Yes;Public Relations;Assistant;10/19/2020;
Jordan;Rosa;689-8342;eu@netuset.net;Mexico;75677;Yes;Accounting;Team Lead;11/21/2018;
Jordan;Thompson;1-966-865-1581;diam.duis@loremut.co.uk;Belgium;17249;Yes;Public Relations;Support;12.10.2020;
Joseph;Best;1-830-842-1775;mi.felis@dolorsit.org;Mexico;75052;No;Customer Relations;Assistant;06.03.2020;
Josephine;Branch;1-217-248-8345;magnis.dis.parturient@nisi.org;Russian Federation;77765;Yes;Advertising;Accountant;06/25/2021;07/26/2019
Josiah;Bush;1-267-257-5729;magna.et@felisdonec.com;Russian Federation;78837;Yes;Payroll;Developer;04.02.2021;
Josiah;Marsh;621-9356;maecenas.malesuada@donec.co.uk;Poland;68151;Yes;Legal Department;Developer;12/25/2020;10/15/2020
Joy;Baird;846-5642;convallis@enimnonnisi.org;Colombia;19218;No;Sales and Marketing;Support;11.12.2019;
Judah;Rodriquez;456-4157;aenean.euismod.mauris@nonenimcommodo.org;Mexico;60753;Yes;Legal Department;Team Lead;03.03.2021;10/28/2020
Juliet;Horton;211-6571;elit@phasellusfermentumconvallis.ca;Turkey;37669;Yes;Public Relations;Developer;07.09.2021;
Juliet;Roberson;457-6814;metus.sit@nisl.ca;Costa Rica;74303;No;Tech Support;Assistant;09/13/2018;12.08.2019
Kaitlin;Mayer;424-1235;tristique.aliquet@euaccumsan.ca;Spain;23822;Yes;Human Resources;Assistant;05/22/2019;
Kalia;Burks;1-624-812-8105;nisl.elementum@enimcurabitur.ca;Pakistan;15751;Yes;Public Relations;Manager;12.05.2018;
Kameko;Watkins;623-7938;parturient.montes.nascetur@neceuismod.com;India;54291;No;Quality Assurance;Assistant;07/20/2018;
Kane;Doyle;472-9018;eget.lacus@vestibulum.net;Costa Rica;32025;No;Media Relations;Team Lead;02/28/2018;
Kane;Taylor;141-5389;nisl.quisque@velvulputateeu.net;Austria;41418;Yes;Media Relations;QA;02/25/2018;
Kane;Larson;807-1033;nam.interdum@vitaepurusgravida.ca;United Kingdom;21184;Yes;Media Relations;Assistant;03/17/2021;02.02.2020
Kareem;Lang;1-210-782-9384;vitae.sodales@vitaediamproin.ca;Spain;26373;Yes;Public Relations;Team Lead;03/29/2020;
Kareem;Hewitt;1-604-218-7667;fringilla@ipsumdolor.com;Belgium;68846;No;Customer Service;Accountant;06.11.2018;07.08.2020
Kaseem;Pate;577-2066;sodales.purus@estmollis.co.uk;Chile;48247;Yes;Quality Assurance;QA;03/22/2020;
Katell;Rocha;165-4557;malesuada@gravidanunc.co.uk;Costa Rica;48101;Yes;Media Relations;Assistant;10/16/2020;05.08.2020
Katelyn;Knox;221-3285;magna.malesuada.vel@risusduis.ca;Germany;81737;No;Advertising;QA;04/28/2019;
Kathleen;Fowler;845-8266;scelerisque.scelerisque@nunc.ca;New Zealand;63183;No;Asset Management;Engineer;08/31/2019;08/27/2021
Kay;Huffman;498-4036;ornare.placerat@tortor.co.uk;Brazil;16900;No;Sales and Marketing;Team Lead;09/20/2018;
Keane;Silva;767-5757;justo.faucibus@volutpatnunc.org;Indonesia;74665;Yes;Human Resources;Developer;03/27/2020;
Keane;Solis;1-527-912-7351;donec.sollicitudin@nequemorbi.edu;Turkey;37315;No;Sales and Marketing;Manager;11/15/2020;
Keaton;Short;1-237-423-3574;morbi.tristique.senectus@nuncin.com;Belgium;21359;Yes;Tech Support;Accountant;01/14/2021;
Keefe;Oconnor;1-221-780-5435;arcu.imperdiet.ullamcorper@lobortisnisi.ca;Australia;29747;Yes;Customer Relations;Assistant;03/13/2018;09/26/2019
Keegan;Burton;419-5410;montes.nascetur@mauriselit.ca;Turkey;39229;Yes;Customer Service;Assistant;11/16/2020;07/15/2021
Keely;Day;973-7174;nunc.sollicitudin@nullamvitae.edu;India;17964;Yes;Advertising;Team Lead;08/29/2020;
Keiko;Bright;681-5149;nunc.ullamcorper@aliquet.edu;Chile;2789;No;Customer Relations;Manager;09/15/2020;
Keith;Baird;1-896-864-3853;sed@tincidunttempus.net;Italy;47130;No;Quality Assurance;Support;07.02.2021;
Kelly;Klein;282-2520;ridiculus.mus.proin@malesuadafringilla.edu;Russian Federation;15580;No;Research and Development;Accountant;04.10.2018;
Kelly;Rodriguez;1-710-643-1122;magna.a.neque@cursusin.co.uk;United States;34749;Yes;Accounting;Team Lead;12/22/2018;
Kelsey;Duncan;104-6385;nonummy@musdonec.edu;Australia;27260;No;Quality Assurance;Team Lead;11/28/2020;
Kelsey;Tran;365-0277;nunc.risus.varius@metus.net;Mexico;76457;Yes;Asset Management;QA;06/15/2021;12/18/2020
Kelsie;Rhodes;1-704-965-8462;tincidunt@neque.net;Belgium;71842;No;Quality Assurance;QA;11.02.2018;
Kennedy;Garrett;661-4344;suscipit.nonummy@nullaegetmetus.com;Germany;30123;Yes;Sales and Marketing;Assistant;04/21/2018;
Kenneth;Frederick;655-7226;malesuada.fames.ac@ametrisusdonec.ca;Netherlands;73329;Yes;Research and Development;QA;04/16/2019;
Kermit;Larson;1-563-549-8466;enim.sit.amet@id.com;Costa Rica;54812;No;Finances;Developer;08.10.2019;
Kermit;Calhoun;1-912-666-3457;et.arcu.imperdiet@orcilacus.com;Poland;63235;No;Advertising;Developer;06/26/2018;
Kerry;Randolph;368-1640;elit.elit@nonlobortis.ca;New Zealand;45360;Yes;Payroll;Engineer;05/19/2019;
Kessie;Fletcher;128-0277;mauris@eleifendcrassed.edu;Russian Federation;17326;No;Tech Support;Support;02/17/2019;
Kevin;Stark;1-226-651-8597;dapibus.ligula@ultricies.edu;Chile;32087;Yes;Payroll;Developer;03.07.2021;10/16/2019
Kiayada;Noel;1-310-772-2343;consectetuer.rhoncus@inornare.co.uk;India;58182;Yes;Customer Service;Support;03/15/2019;03/24/2021
Kieran;Pena;645-9358;adipiscing.enim@euaccumsan.ca;France;43365;No;Accounting;Engineer;05/26/2021;
Kieran;Page;1-786-695-1883;posuere.at.velit@nisiaenean.ca;Peru;3426;No;Legal Department;Team Lead;11.08.2019;
Kim;Woodard;1-573-560-4715;tortor.nibh.sit@id.net;Canada;495;No;Payroll;Team Lead;11.11.2020;
Kimberly;Carroll;683-3187;blandit@nullamnisl.com;New Zealand;6685;Yes;Tech Support;Manager;09/28/2021;08/20/2020
Kirestin;Pollard;365-0763;phasellus.fermentum.convallis@ultriciesligulanullam.co.uk;France;78638;Yes;Asset Management;QA;11/19/2018;11.04.2020
Kirestin;Jennings;391-1561;sed@pedenec.edu;Peru;86325;Yes;Quality Assurance;Team Lead;06/19/2020;10/14/2020
Knox;Browning;654-2808;tortor.integer@tinciduntcongueturpis.org;Mexico;65350;Yes;Payroll;Manager;01/14/2019;02.02.2021
Kuame;Dominguez;1-841-170-6548;nunc.mauris.morbi@nec.com;Netherlands;88059;Yes;Legal Department;Team Lead;12/28/2018;
Kuame;Carson;726-2301;vitae.diam@sem.com;Peru;3637;No;Human Resources;Developer;11.09.2019;02.12.2021
Kuame;Massey;1-445-838-2318;non.luctus.sit@nonfeugiatnec.org;Poland;56903;No;Tech Support;Developer;06/23/2018;01.07.2021
Kyla;Owens;1-261-888-6676;morbi.metus@porttitorvulputate.co.uk;Italy;2871;Yes;Sales and Marketing;Manager;11.05.2019;02/19/2020
Kylan;Vance;361-3822;non@idrisus.com;Turkey;79057;No;Advertising;Developer;01/16/2019;
Kyle;Frank;367-3421;donec.egestas@vehicula.com;South Korea;39884;No;Sales and Marketing;QA;05.06.2020;
Kylie;Macias;1-644-845-0422;ac.mi@curabiturutodio.co.uk;New Zealand;86126;Yes;Media Relations;Engineer;12/31/2018;
Lacey;Chase;1-378-787-6030;sem.pellentesque@elitpellentesquea.co.uk;Turkey;62118;Yes;Advertising;Team Lead;06/22/2020;
Lacota;Conner;1-357-684-0140;eget@ami.net;Indonesia;66305;Yes;Quality Assurance;Accountant;06/24/2020;
Lana;Aguilar;1-355-458-5223;placerat.cras@non.org;Poland;83673;Yes;Quality Assurance;Team Lead;08.07.2021;
Lani;Harding;1-527-858-0575;pretium@fringilla.com;Belgium;52026;Yes;Public Relations;Team Lead;05/17/2019;
Lara;Deleon;317-1616;nonummy@velesttempor.net;Sweden;29700;Yes;Customer Relations;QA;06/23/2021;
Lars;Pace;1-450-793-1643;dui.cum@vivamusmolestie.com;Italy;7317;No;Media Relations;Team Lead;10/22/2018;
Lars;Parker;337-2167;lectus.pede.et@dignissimpharetranam.org;Netherlands;46433;Yes;Finances;Developer;05.12.2021;07/16/2019
Lawrence;Bryan;1-778-638-5381;non.enim@maurisut.org;Chile;56997;No;Human Resources;Support;07.02.2019;
Lawrence;Larsen;1-282-237-8878;risus.donec@et.edu;Chile;90445;Yes;Payroll;QA;09.06.2020;08.08.2019
Lawrence;Farrell;1-857-683-2554;nascetur.ridiculus@lectusjusto.co.uk;Russian Federation;33297;Yes;Sales and Marketing;Support;04/17/2019;11/29/2020
Lee;Hodge;1-473-788-8223;semper.et.lacinia@accumsan.net;Italy;24329;Yes;Research and Development;Accountant;07.03.2019;
Lee;Mosley;363-0925;ultricies.ligula@nascetur.ca;Pakistan;53458;Yes;Finances;Engineer;04/14/2020;05/16/2019
Leigh;Malone;1-289-436-0468;tellus.nunc@velitsed.com;Poland;37151;Yes;Media Relations;Engineer;08.01.2020;
Leila;Mcgowan;1-625-762-1660;lorem.tristique.aliquet@nec.ca;Mexico;27106;Yes;Sales and Marketing;Assistant;09/24/2018;12/26/2020
Leilani;Edwards;1-805-258-6028;vivamus@nunclectus.edu;Ireland;44423;Yes;Legal Department;QA;05.11.2020;
Len;Harrington;1-847-218-5208;erat.volutpat.nulla@acipsum.co.uk;Austria;74664;No;Customer Relations;Engineer;03/16/2018;
Leo;Henson;1-674-658-7673;felis.eget@proinnon.ca;Italy;90945;No;Payroll;QA;12/29/2018;
Leo;Thornton;1-474-856-1239;nec.ante@ante.com;Netherlands;70857;No;Public Relations;QA;01.12.2020;05/21/2020
Lesley;Martinez;764-6601;massa@sempereratin.com;Chile;18344;Yes;Payroll;Team Lead;05.04.2020;
Levi;Colon;1-340-472-2497;blandit@fermentumrisus.edu;Poland;22495;Yes;Asset Management;QA;10/23/2018;
Levi;Chaney;552-1518;sem.vitae@sitamet.net;Colombia;45047;Yes;Public Relations;Accountant;01/31/2021;
Levi;Charles;1-481-321-5668;mollis.non@atpretium.co.uk;South Korea;74986;No;Human Resources;Accountant;04.02.2019;10/23/2019
Libby;Church;1-842-446-9321;lectus.nullam@felis.com;Poland;45822;No;Payroll;Team Lead;06/16/2018;
Lila;Morales;638-1586;amet@arcualiquam.org;Belgium;64476;Yes;Finances;Engineer;02/24/2020;03.12.2020
Lilah;Graham;252-2616;nec.eleifend@lectusrutrum.edu;France;6702;Yes;Tech Support;Accountant;05/23/2018;
Lionel;Sanford;241-3014;est.congue@diamnunc.co.uk;Turkey;83243;No;Advertising;QA;06/30/2020;
Lisandra;Lynch;1-414-632-2173;ullamcorper.velit.in@ullamcorpereu.net;Spain;64592;Yes;Finances;QA;11/21/2020;
Lisandra;Little;1-283-962-1769;velit.pellentesque.ultricies@etrutrum.co.uk;Poland;13231;Yes;Customer Relations;Engineer;05.09.2021;05/19/2020
Logan;Estes;747-7372;nec.diam@sedeu.net;Belgium;58101;No;Finances;Team Lead;04/24/2019;
Louis;Grant;1-658-518-1865;vestibulum@atfringilla.ca;Colombia;74361;Yes;Payroll;Manager;06/17/2021;
Louis;Hebert;271-8021;pede.nunc@dolor.ca;Brazil;66149;Yes;Asset Management;QA;01/30/2019;
Lucas;Sosa;932-6229;non.sapien.molestie@liberointegerin.com;Russian Federation;36786;Yes;Media Relations;Assistant;12.09.2018;
Lucian;Mercado;1-785-487-8282;nulla.integer@malesuadaaugue.com;Austria;1375;No;Legal Department;Developer;11/19/2020;
Lucian;Molina;1-324-651-5247;orci.phasellus.dapibus@pharetranibh.ca;Turkey;65644;Yes;Quality Assurance;QA;07/28/2021;06/16/2021
Lucius;Mayo;404-3256;non.justo@etiamvestibulum.edu;Italy;17324;Yes;Advertising;Engineer;09/26/2020;
Luke;Huber;1-517-458-2556;et.libero@namligulaelit.ca;Germany;59768;No;Accounting;QA;06.12.2018;
Lyle;Sargent;1-848-562-8873;risus.nulla@tellusjusto.co.uk;South Korea;46746;Yes;Quality Assurance;QA;06/14/2021;
Lyle;Gomez;217-5453;luctus.felis@lobortistellus.net;United Kingdom;73442;Yes;Public Relations;Team Lead;02/21/2018;11/27/2020
Macey;Wilson;1-635-225-3965;id@disparturientmontes.ca;Canada;72062;No;Finances;QA;06/24/2021;02.06.2020
MacKensie;Lynn;854-0964;neque.morbi@leo.net;Ireland;65255;No;Asset Management;QA;06/27/2018;
MacKensie;Bird;336-1697;vitae.sodales@auctornuncnulla.com;Costa Rica;27275;Yes;Legal Department;Engineer;05.11.2020;
Macy;Pacheco;173-2083;lectus.a@uterat.co.uk;Colombia;64391;No;Tech Support;Team Lead;07/18/2020;
Madonna;Rich;1-515-986-0926;pharetra@curabitur.ca;Italy;57511;Yes;Legal Department;QA;10.10.2020;
Madonna;Rogers;1-370-646-6267;ut.nisi@facilisissuspendisse.co.uk;Colombia;35458;No;Sales and Marketing;Team Lead;01.10.2020;
Maggie;Park;1-388-214-2712;vel@donec.ca;Netherlands;24871;Yes;Asset Management;Support;08.10.2021;
Maia;Contreras;1-967-526-5252;eleifend.nunc.risus@loremipsum.com;Brazil;10866;Yes;Advertising;Developer;06.07.2018;
Maisie;Joseph;729-2979;dolor.dapibus@diamdictum.net;Sweden;93525;No;Human Resources;Assistant;02.01.2021;
Maisie;Hess;1-405-578-7420;tempor@ornareegestasligula.net;India;41199;Yes;Public Relations;QA;07/15/2020;
Maite;Sexton;1-749-841-8245;accumsan@convallis.edu;Sweden;87662;Yes;Tech Support;Manager;05/19/2018;
Malik;Reese;271-1568;id.ante.dictum@vestibulummassarutrum.com;Ireland;45765;Yes;Media Relations;Team Lead;02/18/2018;
Mari;Henry;1-232-156-0074;vitae.diam@aliquet.co.uk;Peru;34253;Yes;Public Relations;Engineer;08.03.2019;
Marny;Wall;1-226-730-0064;ullamcorper.viverra.maecenas@justofaucibus.net;South Korea;14717;No;Media Relations;Assistant;02/16/2021;
Marny;Henson;659-3207;ac.mattis@tristiqueneque.org;Brazil;68986;No;Public Relations;Developer;08.10.2019;
Marsden;Cole;882-6738;quisque.imperdiet.erat@velfaucibus.com;India;1555;Yes;Advertising;Engineer;03/18/2019;
Marshall;Wade;1-873-436-2746;at.libero@nuncpulvinar.com;Nigeria;74684;Yes;Public Relations;Assistant;06.08.2019;10.06.2020
Martina;Greer;722-1141;non@velturpis.org;Colombia;50150;Yes;Media Relations;Developer;05/25/2020;
Maryam;Chan;205-6847;feugiat@namporttitorscelerisque.ca;Australia;1953;No;Customer Relations;Support;06/18/2019;
Mason;Summers;1-278-651-5001;aenean.eget@facilisiseget.ca;Australia;24702;Yes;Finances;Assistant;04.03.2018;
Mason;Mayo;778-3845;sit.amet.dapibus@vitaealiquet.net;Sweden;40938;No;Customer Service;Engineer;03/17/2021;09.06.2019
Matthew;Strickland;255-2565;curabitur.sed@a.ca;Poland;24525;Yes;Asset Management;Manager;10.01.2018;
May;Rivera;1-497-323-1617;nunc.mauris@magnisdis.net;Brazil;65611;No;Media Relations;Manager;05.11.2021;
Maya;Pena;1-921-324-9872;donec.tempor@blandit.net;Australia;16670;Yes;Accounting;Support;01/24/2021;
Maya;Ochoa;1-472-482-8176;sagittis.duis@parturient.edu;Nigeria;24456;Yes;Research and Development;Manager;09/19/2020;10.11.2020
Megan;Turner;1-948-753-8251;quis@mauriselitdictum.co.uk;Brazil;81900;Yes;Payroll;Engineer;01/18/2019;
Megan;Rollins;173-4156;cursus.non.egestas@sapienaenean.com;Russian Federation;71364;No;Public Relations;Team Lead;09.03.2020;
Melanie;Mercer;435-5357;fringilla.mi.lacinia@temporeratneque.co.uk;Russian Federation;46075;Yes;Public Relations;Accountant;05.08.2018;
Melinda;Shelton;813-3150;vitae.dolor@erosnon.ca;Austria;40246;Yes;Asset Management;Manager;10/31/2019;
Melinda;Dillon;444-1963;at.risus@egestasa.ca;Germany;65388;No;Customer Relations;Developer;05.12.2020;
Melinda;Hoover;1-842-833-3344;mi@incursus.com;Spain;54712;No;Customer Relations;Engineer;01.01.2020;
Mercedes;Bean;1-224-446-6260;mauris.sagittis@gravida.edu;United Kingdom;66460;Yes;Sales and Marketing;Support;04/18/2019;
Meredith;Briggs;506-1287;elit.pellentesque.a@at.com;Australia;62487;No;Payroll;Engineer;12/25/2019;
Merrill;Knowles;524-7081;non.arcu.vivamus@necurnaet.com;Belgium;28060;Yes;Tech Support;Accountant;07.01.2021;
Mia;Brewer;1-582-382-5351;odio.sagittis@ligula.com;Italy;85275;Yes;Public Relations;Accountant;04/22/2018;
Micah;Townsend;1-223-489-9441;sodales.nisi@inaliquet.org;France;9824;Yes;Finances;Assistant;02/24/2020;
Mikayla;Guy;1-711-148-6121;nulla.semper@pellentesquehabitantmorbi.net;Colombia;19249;Yes;Finances;Assistant;05/18/2021;
Miranda;Mccray;1-719-157-3558;massa.vestibulum.accumsan@mitempor.org;Brazil;39294;Yes;Finances;Accountant;05.11.2019;
Moana;Jacobs;1-401-788-3357;magna.ut@diameudolor.co.uk;Nigeria;46895;Yes;Finances;Accountant;03/29/2020;
Mollie;Barrera;171-0760;sed.molestie@integerinmagna.com;Mexico;39888;Yes;Advertising;Manager;07/22/2021;
Mollie;Waters;1-546-745-8101;eu.enim.etiam@pedecum.net;France;14766;Yes;Finances;Manager;04/29/2019;08.06.2019
Mollie;Lowery;271-3789;erat.volutpat@intinciduntcongue.com;Canada;16898;No;Customer Relations;Manager;11/29/2018;05/24/2019
Morgan;Deleon;1-671-863-6485;rutrum.eu@luctuset.net;United Kingdom;53332;Yes;Legal Department;Team Lead;06/28/2019;
Naida;Briggs;1-336-365-0831;eget.lacus@massarutrum.edu;Ireland;34227;Yes;Finances;Manager;12/15/2020;09/22/2019
Naida;Goff;223-3558;a.purus.duis@pedesagittis.co.uk;Spain;17669;No;Legal Department;Team Lead;12/27/2020;11/30/2019
Naomi;Gillespie;1-713-970-1921;nunc.ut@dolorfusce.net;South Korea;97481;No;Legal Department;Assistant;03/15/2021;
Nayda;Torres;166-8193;consectetuer@ipsumnon.ca;Turkey;38833;No;Public Relations;Engineer;09/21/2021;
Nayda;Avila;319-6735;fusce.feugiat.lorem@curabiturvellectus.net;Austria;68317;Yes;Accounting;Accountant;09.12.2019;
Nehru;Kline;516-4432;donec.elementum@egestas.org;Austria;97539;No;Tech Support;Assistant;06/29/2020;
Nehru;Burton;125-8105;at.pede@nisl.ca;Indonesia;68347;No;Media Relations;Engineer;08.10.2018;01/13/2020
Neil;Welch;1-493-516-5865;dictum.magna.ut@nullamscelerisque.com;United States;27662;No;Asset Management;Manager;09.04.2021;
Neil;Hensley;1-713-577-3365;ipsum.cursus.vestibulum@mauris.co.uk;France;57764;No;Tech Support;Assistant;10/25/2019;11/18/2019
Nelle;Rios;638-7194;non.lacinia@loremac.net;Germany;21538;No;Research and Development;Engineer;01.02.2021;02.01.2021
Nerea;Lucas;1-691-598-5404;sed.auctor@pellentesque.ca;New Zealand;21316;Yes;Customer Service;Developer;11.01.2019;
Nevada;Snow;1-477-354-2298;enim@bibendumfermentummetus.org;United Kingdom;83052;Yes;Finances;Assistant;03/21/2019;
Neve;Alston;1-636-322-7868;ac@velitpellentesque.co.uk;Australia;48132;No;Payroll;Support;05/25/2019;07/20/2020
Neville;Cabrera;718-9831;feugiat@utnisi.net;Pakistan;28720;Yes;Customer Service;Manager;10/22/2018;
Nigel;Baker;845-0845;dolor.quisque.tincidunt@luctus.net;Belgium;31882;No;Asset Management;Assistant;07/31/2018;
Nina;Ochoa;1-135-782-8918;senectus.et@noncursusnon.com;Turkey;10124;No;Finances;Assistant;05.07.2021;10/23/2020
Nissim;Bennett;1-112-752-8724;cursus.a@consequat.co.uk;Turkey;84764;Yes;Research and Development;Accountant;03.07.2020;
Noah;Robbins;238-3091;posuere.cubilia.curae@acrisusmorbi.org;France;96681;Yes;Human Resources;QA;09.07.2018;
Noble;Mack;723-8725;nec.ligula@eu.ca;Netherlands;50647;No;Customer Service;Developer;01/24/2021;03/13/2020
Nola;Burris;1-351-254-3857;quisque.purus@donecvitaeerat.edu;Poland;36861;Yes;Payroll;Assistant;02.06.2019;11.02.2019
Norman;Watts;585-4815;ante.lectus@turpisvitae.co.uk;Nigeria;54686;Yes;Finances;Engineer;02.10.2019;02/26/2021
Nyssa;Buckley;333-7744;elementum.purus.accumsan@sedpedecum.net;Peru;31177;Yes;Research and Development;Support;06/18/2018;
Ocean;Cochran;698-1341;dapibus@sedneque.net;Belgium;65758;Yes;Customer Relations;Engineer;11/20/2020;
Ocean;Frederick;732-1416;vitae@ametdapibus.org;Peru;65365;No;Tech Support;Developer;08/14/2020;
Ocean;Lane;1-428-615-8211;magna.lorem.ipsum@namligula.com;Mexico;37567;No;Research and Development;Developer;09/26/2021;
Odysseus;Bates;612-0984;praesent@imperdiet.edu;Australia;70355;No;Payroll;Engineer;04.05.2019;
Olivia;Carlson;1-761-125-6046;nunc.in@cumsociisnatoque.ca;Russian Federation;7532;Yes;Asset Management;Assistant;08/22/2018;
Omar;Wilcox;363-3061;elit.pede@feugiat.com;Canada;68612;Yes;Payroll;Manager;01/27/2020;
Ora;Alexander;1-316-322-0671;adipiscing.non@lacusnullatincidunt.net;Netherlands;3821;No;Payroll;Manager;11/13/2020;09/21/2019
Ori;Love;1-861-428-3014;etiam.imperdiet@quamelementum.net;Austria;98385;No;Asset Management;Engineer;11/22/2018;
Orli;Klein;1-450-712-7048;nibh.phasellus@nequesed.net;Russian Federation;82410;Yes;Sales and Marketing;QA;10.08.2019;
Otto;Weeks;951-6157;luctus@aeneanmassa.org;Chile;23944;No;Customer Relations;Manager;04/24/2020;
Owen;Nieves;344-4897;ut.pellentesque@quisqueac.org;Russian Federation;31255;Yes;Finances;Developer;07/22/2018;
Paki;Burton;1-271-419-6364;quis.pede@mollisphasellus.com;Costa Rica;55733;Yes;Finances;Assistant;08.07.2021;
Paloma;Larson;1-354-747-6787;sed.consequat.auctor@non.net;Nigeria;39473;No;Accounting;Developer;11.12.2020;03.10.2021
Patrick;Hardy;126-6611;cras.interdum.nunc@phaselluslibero.net;France;34335;Yes;Tech Support;Team Lead;05.02.2018;
Paul;Larson;454-1027;aliquam.eu@mauris.org;Russian Federation;12348;Yes;Quality Assurance;Team Lead;09.01.2020;
Paula;Bentley;1-996-468-7227;donec.tincidunt.donec@vitaenibhdonec.edu;United Kingdom;40453;No;Customer Relations;Assistant;10.10.2019;
Paula;Mclaughlin;1-139-848-4618;curae.phasellus.ornare@sed.edu;Mexico;63814;Yes;Accounting;QA;05.08.2020;09.06.2020
Pearl;Boyer;628-9323;mollis.integer.tincidunt@pretiumaliquet.co.uk;Indonesia;70488;No;Finances;Assistant;07.11.2020;
Pearl;Slater;1-966-673-1663;vestibulum.massa.rutrum@loremegetmollis.org;Costa Rica;83246;No;Tech Support;Accountant;08.08.2021;
Penelope;English;431-3505;quisque.libero@inconsectetueripsum.org;India;74814;No;Media Relations;Developer;01/24/2020;
Penelope;Weiss;1-728-276-1622;dictum@ultricesiaculis.co.uk;India;88141;No;Accounting;Support;08.07.2019;
Perry;Sims;319-2564;duis@fuscealiquetmagna.co.uk;Belgium;33143;Yes;Asset Management;Engineer;12/14/2018;
Peter;Edwards;615-3828;molestie.sodales@fuscefermentum.com;Pakistan;51583;Yes;Public Relations;QA;06/27/2020;
Petra;Fox;1-362-871-5813;aliquet.molestie@aliquetproin.ca;Brazil;46208;No;Customer Service;Team Lead;07/22/2018;
Piper;Wolf;1-677-876-5985;dictum.ultricies@dapibusrutrum.co.uk;South Korea;37282;No;Research and Development;Manager;05/24/2018;
Plato;Roberts;1-401-918-2545;tristique.pellentesque@auctornon.net;South Korea;28405;Yes;Advertising;Support;08/17/2021;04/23/2019
Porter;Palmer;922-7682;id.risus.quis@morbi.edu;Pakistan;12737;Yes;Asset Management;Developer;10/14/2018;
Preston;Johnston;566-2087;malesuada.malesuada@aliquam.ca;Ireland;41884;Yes;Human Resources;Team Lead;07/18/2020;
Price;Elliott;1-238-933-2491;vulputate.ullamcorper@in.org;United Kingdom;12907;Yes;Tech Support;Team Lead;07/19/2020;10.10.2020
Priscilla;Kidd;656-6236;feugiat.sed@eliterat.org;Indonesia;25238;No;Human Resources;Assistant;05.02.2020;
Quamar;Reed;587-8810;nisi.dictum.augue@eratvivamusnisi.ca;United States;82581;No;Accounting;QA;12/13/2018;
Quentin;Wilcox;1-339-232-9763;phasellus.dapibus.quam@ullamcorper.co.uk;France;69612;No;Advertising;Developer;10/26/2018;
Quentin;Delgado;1-505-363-6123;leo.in.lobortis@imperdieterat.net;Spain;55833;No;Asset Management;Developer;01/13/2019;
Quin;Irwin;1-695-871-5750;quam@lobortis.net;Peru;69219;No;Public Relations;QA;04.08.2021;
Quinlan;Beasley;712-1344;erat@idmagna.ca;Chile;57460;Yes;Human Resources;Accountant;07.09.2020;
Quinn;Kline;1-787-648-3156;dui@crassedleo.edu;Nigeria;2841;No;Customer Service;Accountant;05.01.2018;01.11.2020
Quinn;Pugh;1-354-606-9172;ultrices.sit.amet@aliquamadipiscing.com;India;62;Yes;Payroll;Engineer;06/29/2021;11/23/2019
Quynn;Duffy;1-637-707-4533;justo.sit@pedenonummy.edu;South Korea;93536;Yes;Payroll;Engineer;06.03.2018;
Rahim;Cunningham;746-8166;ante.nunc@turpisegestas.net;New Zealand;16839;No;Sales and Marketing;Accountant;11/17/2020;
Raja;Key;1-303-118-3402;cursus@maecenaslibero.net;Australia;87137;No;Media Relations;Manager;12.03.2019;
Rajah;Keith;762-4023;a.facilisis.non@euelit.net;Belgium;83667;Yes;Media Relations;Developer;08/19/2020;05.01.2019
Rajah;Brown;1-838-109-8729;tincidunt.adipiscing.mauris@nislquisque.com;Pakistan;34096;Yes;Public Relations;Assistant;04/17/2018;03/27/2020
Rama;Sandoval;1-453-374-6458;neque.venenatis@proin.ca;India;43485;No;Sales and Marketing;QA;08/27/2020;
Ramona;Rosario;428-5347;molestie.pharetra@conguea.edu;Costa Rica;23177;Yes;Human Resources;Developer;02/14/2020;
Ramona;Sears;1-606-966-4383;fermentum.fermentum@aliquamarcu.edu;Turkey;64824;Yes;Advertising;Accountant;04.05.2019;09.01.2019
Randall;Holden;1-952-447-2862;egestas@semconsequatnec.org;Brazil;16653;No;Legal Department;Team Lead;09/24/2019;
Randall;Todd;1-678-685-7534;torquent@augueeu.edu;India;81768;Yes;Public Relations;Support;05/27/2020;07/15/2020
Randall;Pate;886-4629;pharetra.sed@interdumligula.net;Poland;74206;No;Advertising;QA;09.03.2021;10/22/2020
Raphael;Meadows;278-8118;magnis.dis@pellentesqueseddictum.net;Indonesia;73074;No;Human Resources;Accountant;07.12.2021;
Ray;Cash;1-226-659-5897;ultricies.ornare@urna.net;Sweden;59318;Yes;Tech Support;Manager;12/17/2020;
Raya;Frazier;758-4310;orci.luctus.et@anuncin.co.uk;Brazil;67221;Yes;Advertising;Team Lead;10.11.2020;08.08.2019
Reece;Buckley;1-268-455-3398;morbi.sit@ligulanullam.net;Italy;26787;Yes;Quality Assurance;Manager;02/28/2020;12/15/2020
Reed;Jarvis;621-8250;lacinia@vitaeeratvel.com;New Zealand;38392;Yes;Accounting;Manager;07.01.2021;
Regan;Wolfe;855-2168;donec.egestas.duis@risusnulla.co.uk;Canada;85151;Yes;Finances;Assistant;04/13/2021;
Regina;Glenn;692-6825;ridiculus.mus@sagittis.edu;Belgium;27537;Yes;Accounting;Developer;12/23/2018;12/14/2019
Reuben;Hardy;1-845-239-4871;arcu.curabitur@craspellentesque.org;Colombia;21868;No;Research and Development;QA;07/13/2018;03/25/2020
Rhiannon;Stone;230-9755;auctor.vitae@lobortisquam.co.uk;Germany;74438;No;Research and Development;Manager;06/19/2018;
Rhona;Donaldson;1-752-955-6184;felis.nulla@tortoratrisus.edu;Poland;63301;Yes;Media Relations;Team Lead;09/24/2019;10/31/2020
Riley;Head;1-781-585-6857;sed.eu.nibh@orciadipiscing.ca;Canada;54126;Yes;Advertising;Manager;07.05.2018;
Robin;Larson;422-9202;sociis.natoque@euduicum.com;Canada;85944;No;Asset Management;Support;10.06.2020;
Rogan;Hopper;1-410-503-7132;ligula.aenean@loremauctor.org;France;85180;No;Human Resources;QA;05/16/2018;
Rogan;Buck;1-731-613-8771;a.felis.ullamcorper@velit.net;France;68485;No;Media Relations;Support;04/20/2019;02.01.2021
Ronan;Moody;271-0429;ornare.facilisis@feugiatsed.org;Netherlands;68013;Yes;Legal Department;QA;12/25/2020;03.10.2021
Rooney;Hess;1-464-656-2244;fusce.diam@gravidanuncsed.org;Netherlands;35624;No;Public Relations;Assistant;11/23/2018;
Rowan;Pitts;1-137-296-4126;vestibulum.nec@ligulaeuenim.org;Chile;74321;No;Sales and Marketing;Accountant;09.03.2018;10.05.2019
Rudyard;Barker;1-428-914-1996;aenean.euismod@velitjustonec.co.uk;Ireland;75487;Yes;Legal Department;Accountant;12.08.2018;
Rudyard;Petty;1-361-431-3118;fermentum.metus@atrisusnunc.org;New Zealand;40385;No;Media Relations;Assistant;06.03.2020;07.12.2021
Russell;Morton;723-1426;at.arcu@velitduisemper.com;Indonesia;72564;No;Legal Department;Accountant;05/21/2020;
Sade;Mooney;1-540-924-9806;et.commodo.at@egestas.edu;United Kingdom;45750;Yes;Media Relations;Accountant;10/17/2018;
Salvador;Barrett;343-9349;tempor.arcu@sitametconsectetuer.ca;Chile;87584;No;Payroll;Manager;05/31/2018;
Samantha;Bennett;391-2877;lacus.nulla@magnaa.co.uk;Netherlands;63817;No;Research and Development;QA;12/28/2018;
Samantha;Nieves;1-206-740-5314;at.augue@pellentesquemassa.edu;Mexico;11097;No;Customer Relations;Accountant;12/20/2019;08/31/2020
Sandra;Guzman;651-6560;interdum.nunc@liberomorbiaccumsan.co.uk;Peru;28926;No;Accounting;Accountant;04/15/2018;
Sara;Hansen;841-6272;egestas.lacinia@nonnisi.ca;Pakistan;74758;No;Tech Support;Developer;05.12.2020;
Sarah;Benjamin;1-658-373-6502;ullamcorper.duis.at@lacinia.com;Netherlands;54888;Yes;Legal Department;Accountant;07.06.2020;
Sarah;Jenkins;1-217-698-9174;luctus.et@dolorsit.com;Indonesia;27015;No;Asset Management;Manager;11.10.2018;
Sasha;Thornton;704-5395;sollicitudin@loremvehicula.edu;Netherlands;51646;Yes;Customer Relations;Accountant;02.07.2021;
Scarlett;Woodard;1-341-807-0208;in@ligulaconsectetuer.edu;Russian Federation;49789;No;Asset Management;Support;08/20/2018;
Scott;Owen;1-596-573-2271;duis@fames.edu;Chile;53236;Yes;Quality Assurance;Developer;12.11.2018;
Scott;Guerrero;1-136-261-5856;aliquam.ultrices@mollisnon.org;Germany;65539;No;Payroll;Team Lead;03/14/2018;
Sean;Rosales;1-779-361-3865;eu.placerat@adipiscingmauris.net;India;43849;Yes;Accounting;Accountant;11/27/2020;
Sean;Justice;1-261-411-2045;posuere@eleifendcras.edu;Russian Federation;29802;Yes;Advertising;Support;11.09.2019;
Sean;Simpson;535-6489;accumsan.interdum@adipiscing.net;Belgium;34141;No;Tech Support;Team Lead;02/22/2020;
Sebastian;Lancaster;1-565-658-3107;orci@nullaat.edu;Austria;17156;No;Media Relations;Accountant;05.07.2018;
Serena;Watkins;925-2914;vel.vulputate@duis.edu;Pakistan;98737;No;Research and Development;Engineer;04/23/2019;
Shaeleigh;Quinn;371-0423;cursus@risus.edu;Colombia;85762;Yes;Customer Service;Assistant;05.01.2019;02.12.2021
Shafira;Gardner;687-2965;sem.molestie@est.edu;Sweden;16362;Yes;Asset Management;Developer;09/20/2021;
Shaine;Walls;1-493-224-9566;placerat.cras@cursusdiam.edu;Austria;17660;No;Research and Development;Accountant;08.03.2020;
Shana;Cooke;514-0433;auctor.nunc@fringilla.com;Peru;71268;Yes;Accounting;Support;06/14/2020;
Sharon;Roman;647-7076;lacinia@sedcongueelit.ca;Austria;55967;No;Human Resources;Assistant;08/13/2020;
Shelley;Hess;1-814-828-5168;luctus.sit.amet@sed.org;Belgium;83846;No;Asset Management;Manager;01/24/2021;
Shelley;Elliott;1-756-727-2242;phasellus.libero.mauris@odioaliquam.edu;Belgium;77006;Yes;Research and Development;Developer;07/19/2018;
Shelly;Levy;728-3668;id.nunc@quismassa.co.uk;Austria;22700;No;Human Resources;Accountant;11/21/2020;
Shoshana;Rutledge;1-324-414-1456;magna.a@elit.ca;Colombia;78672;Yes;Sales and Marketing;Manager;10/24/2020;
Signe;Cooley;1-989-568-7606;in.tincidunt.congue@eratsemper.ca;Chile;38382;Yes;Customer Service;Accountant;08/24/2019;
Sigourney;Hickman;1-585-273-4512;metus.in@consequat.ca;South Korea;67783;Yes;Quality Assurance;Team Lead;07.11.2021;
Sopoline;Moran;917-2888;velit.sed.malesuada@mollisnec.ca;Spain;67288;No;Finances;Team Lead;08/28/2018;
Sopoline;Bond;836-0520;ipsum.primis@nuncut.edu;South Korea;63509;Yes;Payroll;Accountant;06/25/2018;
Sopoline;Buckley;786-8022;odio.phasellus@urnasuscipit.net;Austria;91574;Yes;Quality Assurance;Accountant;11/19/2020;
Stacey;Anthony;1-833-422-7572;euismod.ac@necligula.co.uk;Turkey;19886;No;Advertising;Manager;04/25/2018;
Stacey;Quinn;1-962-341-9495;mollis.non@primisin.ca;Costa Rica;86948;No;Media Relations;Support;09.02.2018;05/17/2021
Stacey;Vargas;388-9632;massa.quisque.porttitor@aeneanmassainteger.org;Costa Rica;84722;Yes;Quality Assurance;Developer;06/25/2018;06/20/2021
Steel;Estrada;462-7190;commodo@orci.org;Belgium;58136;Yes;Quality Assurance;Developer;09.08.2020;
Stephanie;Black;551-5723;dolor.sit@congueelit.co.uk;Netherlands;65818;No;Research and Development;Assistant;08/27/2021;
Steven;Burgess;1-410-806-6235;sapien.cras.dolor@tellusaeneanegestas.com;United Kingdom;82718;No;Sales and Marketing;Accountant;04/16/2018;
Stone;Maddox;777-5102;tellus@tinciduntcongue.net;Canada;62862;No;Quality Assurance;Manager;08/18/2021;
Stuart;Hayden;838-2597;cursus.integer@massarutrum.ca;Indonesia;41047;No;Legal Department;Engineer;04.03.2018;
Sybill;Ochoa;752-4653;a.scelerisque@ut.com;Austria;36120;Yes;Finances;Manager;02.11.2020;
Tad;Kaufman;744-1137;cursus.diam@nectempus.net;Colombia;68869;No;Customer Relations;Manager;03.03.2018;
Tallulah;Mcneil;233-6647;cum.sociis@maurisblandit.com;United Kingdom;42018;No;Asset Management;Manager;09.01.2021;
Tamekah;Hill;671-4561;dui.fusce@nuncnullavulputate.ca;Colombia;62563;No;Public Relations;Accountant;09/30/2019;
Tamekah;Boyle;1-924-468-3526;aliquam@aultriciesadipiscing.co.uk;South Korea;77730;No;Asset Management;Support;07.01.2019;06/22/2019
Tana;Berg;121-7775;orci.ut@mauriselit.net;Poland;18061;Yes;Legal Department;Assistant;07/20/2021;
Tanek;Dorsey;1-134-887-6581;nibh@facilisisfacilisismagna.net;Brazil;37265;Yes;Payroll;QA;11.10.2020;
Tanek;Jordan;677-0301;ut.ipsum@sedeunibh.net;Spain;72831;No;Research and Development;Assistant;11.10.2019;08.02.2020
Tanek;Orr;850-6341;massa@enimsit.ca;Colombia;72785;Yes;Human Resources;Developer;06.12.2021;10/19/2020
Tanisha;Brooks;1-675-454-9585;venenatis.a@idblandit.com;Peru;31158;No;Accounting;Developer;01.07.2019;
Tanya;Bray;451-7213;nulla.facilisi.sed@ac.com;Indonesia;59967;Yes;Legal Department;Engineer;09.04.2020;05/27/2021
Tara;Odom;551-1799;proin@nunc.ca;New Zealand;63479;No;Quality Assurance;Assistant;05/14/2018;
Tara;Foster;341-2085;fermentum.vel.mauris@malesuadamalesuadainteger.edu;Poland;46481;No;Payroll;QA;07/28/2018;
Tashya;House;1-957-692-1001;dis.parturient@acmattis.org;Russian Federation;36245;No;Human Resources;Manager;06.09.2018;
Tashya;Hinton;511-4565;nisl.arcu@dictumeu.org;United Kingdom;73584;No;Finances;Developer;06.03.2018;11/15/2020
Tatum;Hardin;787-8516;aliquam.eros.turpis@arcused.edu;Russian Federation;88749;No;Payroll;Developer;07/25/2020;04.01.2019
Teagan;Navarro;410-4521;hymenaeos.mauris.ut@adlitora.ca;United Kingdom;57337;No;Media Relations;Support;09/19/2019;04/27/2019
Teegan;Fowler;1-840-457-1185;vulputate@quislectusnullam.org;New Zealand;53250;No;Tech Support;QA;01/18/2020;
Theodore;Roberson;546-2978;nisl.nulla@ametloremsemper.com;Nigeria;36301;Yes;Accounting;Manager;04.08.2020;04/25/2020
Thomas;Carrillo;1-267-387-1972;porttitor@ullamcorperduis.org;Belgium;31390;No;Payroll;Assistant;04/18/2021;
Thor;Mays;1-656-789-9107;velit.pellentesque@libero.co.uk;Russian Federation;22488;No;Asset Management;Assistant;05/14/2020;
Tiger;Dean;1-425-669-5644;in.consequat@eueratsemper.org;South Korea;16354;Yes;Asset Management;Developer;07.10.2019;
Timon;Gould;324-3814;vivamus.nisi@magnased.net;Turkey;98712;Yes;Accounting;QA;11/17/2018;
Timothy;Everett;472-5483;amet@vitaesodalesat.co.uk;Ireland;25465;No;Tech Support;Support;05.03.2021;
Tobias;Vinson;215-5190;dictum.placerat@auctorveliteget.org;France;38471;Yes;Customer Service;Accountant;05/24/2019;
Todd;Whitley;1-771-506-1408;donec.tempus@nulladignissim.net;United States;14207;No;Research and Development;Manager;09/28/2020;
Tucker;Roberts;409-5808;curabitur.dictum@mieleifend.org;Netherlands;42239;Yes;Legal Department;Manager;02.10.2021;
Tyler;Gould;1-882-396-6700;sed.eu@nonsollicitudin.co.uk;United States;45861;No;Accounting;Team Lead;07/16/2018;
Tyrone;Hopper;1-627-943-1017;elit.a.feugiat@vivamusmolestiedapibus.net;Spain;21523;No;Customer Service;Accountant;06/15/2018;
Tyrone;Mcfarland;790-3344;sit.amet@etmagnis.ca;Canada;73467;Yes;Sales and Marketing;Accountant;02.06.2018;
Ulla;Vance;823-9136;libero@donec.net;Mexico;25826;No;Asset Management;QA;05/17/2020;
Uriah;Knapp;1-201-371-4886;fermentum.risus.at@at.org;Germany;8849;Yes;Customer Relations;Accountant;05.08.2020;
Uriel;Atkinson;744-0651;nec.orci@mauris.ca;Australia;89098;No;Research and Development;Support;06/28/2018;
Urielle;Flowers;1-771-857-1717;ultricies.ligula.nullam@convallis.ca;Indonesia;25466;Yes;Public Relations;Engineer;11/25/2020;07.03.2019
Urielle;Chapman;114-2721;cubilia.curae.phasellus@cursusnunc.ca;Canada;13313;Yes;Customer Service;Developer;04.06.2019;11.10.2020
Vanna;Gregory;1-614-256-7372;quisque.tincidunt@faucibuslectus.co.uk;Costa Rica;71112;Yes;Customer Service;Manager;04/28/2021;
Vaughan;Woods;441-5693;sit.amet@vitaesodales.edu;Belgium;12425;Yes;Customer Relations;QA;08/20/2020;
Veda;Rice;1-413-449-0488;eleifend@sedcongue.org;Italy;74134;Yes;Tech Support;Support;09/18/2021;08/22/2019
Veronica;Justice;677-1274;mi.aliquam.gravida@duinec.org;Costa Rica;82788;Yes;Accounting;Assistant;03.04.2021;
Victor;Ortiz;937-6022;in@vivamuseuismod.org;Sweden;88795;No;Legal Department;Manager;04.09.2021;
Victoria;Kirby;1-633-384-1141;eleifend.cras@vehicula.ca;Peru;18125;No;Customer Service;QA;05/21/2018;08/27/2020
Vielka;Fitzpatrick;1-692-490-3431;mi.pede@etultrices.org;Italy;28252;Yes;Sales and Marketing;Manager;12.09.2019;
Violet;Graves;337-2742;lorem.luctus@egestasfusce.edu;Australia;55103;Yes;Customer Relations;Developer;02.03.2020;
Vivian;Mayer;1-808-588-1798;sem.mollis@vivamus.co.uk;Spain;48444;No;Advertising;Manager;05.06.2019;
Vivien;Morse;236-8310;aliquet@eusem.ca;South Korea;32681;No;Customer Relations;Manager;04/28/2018;
Vivien;Taylor;1-476-617-7778;cum.sociis@turpisegestas.ca;Colombia;21740;No;Payroll;QA;05.01.2019;05/21/2020
Vladimir;Bryan;470-0685;quam@elitpretium.org;Sweden;22519;No;Public Relations;Accountant;07.03.2018;
Vladimir;Patel;1-299-883-3476;amet.nulla@vestibulumuteros.ca;United States;25641;Yes;Sales and Marketing;Engineer;07.05.2018;
Walker;Shaw;952-5289;lorem.ipsum.dolor@primisin.org;Spain;72183;Yes;Sales and Marketing;Engineer;12.09.2019;05.10.2021
Wang;Wilkins;863-3656;varius.nam@vulputateullamcorper.net;Turkey;63026;Yes;Media Relations;Accountant;01/21/2020;
Wayne;Barber;1-872-425-2866;a.feugiat@pede.net;Sweden;72645;Yes;Research and Development;Support;09/30/2021;
Wayne;Sanchez;1-407-725-6223;consectetuer@necurnaet.co.uk;United States;81818;No;Asset Management;Support;05/16/2020;
Wesley;Parsons;751-7289;mauris.id.sapien@nuncmaurissapien.co.uk;Sweden;46938;Yes;Quality Assurance;Support;07/29/2020;
Whilemina;Salinas;275-7601;nam.consequat@eusem.net;Germany;76653;No;Public Relations;Team Lead;04/21/2021;
Whitney;Sandoval;718-7150;tristique.pellentesque@enimcommodohendrerit.net;Turkey;73670;No;Finances;Support;01/21/2021;
Whoopi;Phelps;1-766-326-8426;vulputate.posuere@aliquam.edu;Poland;31118;Yes;Quality Assurance;Accountant;03.12.2019;
Whoopi;Vasquez;534-3976;molestie@semnulla.ca;New Zealand;89405;No;Customer Service;Support;09.04.2021;
William;Anthony;841-6452;quis@sitamet.org;India;45270;No;Human Resources;Support;05/17/2020;
Willow;Fitzgerald;1-515-637-4780;vel.turpis@sednunc.co.uk;Australia;63151;No;Tech Support;Engineer;10.11.2018;12.11.2020
Wilma;Hull;958-3583;lobortis.risus@nasceturridiculus.ca;South Korea;22936;Yes;Advertising;QA;11/27/2018;
Wing;Harris;1-835-665-6337;ipsum.primis.in@aliquet.com;Spain;54236;Yes;Customer Service;Support;02/17/2021;
Winifred;Middleton;1-372-620-1394;montes.nascetur@curaephasellusornare.net;Belgium;56581;No;Media Relations;Accountant;06/17/2020;10/22/2020
Winter;Lucas;468-0348;nulla.magna.malesuada@liberolacusvarius.com;Austria;98674;No;Finances;Developer;09/20/2020;
Winter;Williams;716-4356;aliquet.libero.integer@famesac.edu;Ireland;56010;Yes;Human Resources;QA;08/22/2019;06/18/2021
Wyatt;Hess;1-623-247-2563;sem.elit@hendreritdonec.edu;India;43508;No;Finances;Accountant;04/22/2019;
Wyoming;Warren;1-224-814-3446;eu@hendreritdonec.co.uk;Costa Rica;45831;Yes;Legal Department;QA;07.06.2020;
Xavier;Franks;1-349-776-9132;turpis.in.condimentum@dapibusquam.ca;Brazil;28157;No;Tech Support;Developer;09.11.2021;
Xavier;Wise;575-2474;lacus.ut.nec@velit.co.uk;Colombia;86413;No;Customer Relations;Manager;09.09.2021;09/16/2020
Xavier;Chaney;666-7483;tincidunt@vulputate.net;Spain;97583;Yes;Payroll;QA;12.02.2018;07/23/2020
Xaviera;Wallace;647-2875;at@nuncidenim.org;Austria;21388;Yes;Human Resources;Team Lead;12/22/2020;
Xena;Barry;1-634-705-6278;in.consequat@quamcurabiturvel.net;Chile;21458;Yes;Customer Service;Assistant;04/15/2019;
Yeo;Emerson;1-521-805-6979;in.lorem.donec@aliquet.com;Belgium;75527;Yes;Sales and Marketing;Developer;09/26/2018;
Yeo;Francis;1-956-689-8022;non@posuerecubiliacurae.com;Peru;1575;Yes;Asset Management;Assistant;05/29/2018;06.11.2021
Yetta;Dillard;264-3786;nisi.nibh@iaculis.edu;Belgium;49334;Yes;Human Resources;Team Lead;07/30/2018;07.07.2019
Yoshi;Byrd;1-598-586-7146;natoque.penatibus@diam.ca;France;40195;Yes;Research and Development;Support;11.03.2018;
Yoshio;Clarke;1-656-266-4214;tristique@consectetuercursuset.net;Brazil;83149;Yes;Tech Support;Engineer;05/27/2020;
Yoshio;Brown;413-4883;consequat.nec@vehicularisus.ca;Mexico;72311;Yes;Customer Relations;Accountant;04/20/2019;03/24/2020
Yuri;Tanner;767-4565;arcu.eu.odio@ategestas.ca;Brazil;25187;Yes;Research and Development;Developer;12/20/2020;
Yvonne;Hardy;831-8546;in.tincidunt@malesuadaid.co.uk;United Kingdom;30256;No;Legal Department;Engineer;05.03.2018;
Zahir;Martin;965-3874;velit.egestas@etipsum.com;Australia;16318;No;Research and Development;Manager;12/18/2019;
Zahir;Cotton;1-867-797-2882;in@phasellusin.org;Netherlands;27822;Yes;Quality Assurance;Team Lead;12.11.2018;
Zelda;Talley;1-803-769-9761;dolor@penatibus.edu;France;7724;Yes;Customer Service;Team Lead;10/13/2019;09.12.2020
Zena;Good;988-1283;aliquam.erat@atlacus.net;Ireland;16237;No;Payroll;QA;05/23/2021;
Zenaida;Church;846-5046;varius.et@naminterdumenim.edu;Spain;13916;Yes;Customer Relations;Assistant;03.08.2021;
Zenia;Henry;452-5721;neque.in.ornare@integereu.ca;New Zealand;87850;Yes;Advertising;Team Lead;07/15/2020;
Zeph;Pitts;358-5297;iaculis.enim@egestassedpharetra.org;Mexico;28480;Yes;Human Resources;Accountant;10/29/2020;
Zoe;Cannon;1-786-439-1226;consectetuer.cursus@elitpellentesquea.co.uk;Belgium;7745;Yes;Advertising;Support;11/30/2020;
Zorita;Tyson;1-653-565-9312;fusce.feugiat@vestibulumut.edu;Canada;54219;No;Sales and Marketing;Support;11.08.2018;
Zorita;Drake;1-524-235-6635;lobortis.risus.in@sedsem.ca;Pakistan;18145;Yes;Sales and Marketing;Accountant;09.07.2019;
Zorita;Ramirez;159-5550;proin.velit.sed@faucibusut.org;Belgium;77552;Yes;Human Resources;Accountant;10.07.2019;08/16/2019
